"시도교육청","교육지원청","지역","정보공시 학교코드","학교명","학교급코드","설립구분","제외여부","제외사유","1학년","2학년","3학년","특수학급","순회학급","학급수(계)","학생수(계)","학급당학생수"
"충청남도교육청","충청남도공주교육지원청","충청남도 공주시","S000003501","국립공주대학교사범대학부설중학교","03","국립","N","","2","2","2","1","0","7(1)","161(6)","23"
"충청남도교육청","충청남도공주교육지원청","충청남도 공주시","S120000277","경천중학교","03","사립","N","","1","1","1","0","0","3(0)","32(0)","10.7"
"충청남도교육청","충청남도공주교육지원청","충청남도 공주시","S120000278","공주북중학교","03","사립","N","","3","3","3","0","0","9(0)","214(0)","23.8"
"충청남도교육청","충청남도공주교육지원청","충청남도 공주시","S120000279","공주여자중학교","03","공립","N","","7","7","7","1","0","22(1)","549(3)","25"
"충청남도교육청","충청남도공주교육지원청","충청남도 공주시","S120000280","공주영명중학교","03","사립","N","","2","2","2","0","0","6(0)","132(0)","22"
"충청남도교육청","충청남도공주교육지원청","충청남도 공주시","S120000281","공주중학교","03","공립","N","","5","4","5","3","0","17(3)","347(13)","20.4"
"충청남도교육청","충청남도공주교육지원청","충청남도 공주시","S120000282","반포중학교","03","공립","N","","1","1","1","1","0","4(1)","50(6)","12.5"
"충청남도교육청","충청남도공주교육지원청","충청남도 공주시","S120000283","봉황중학교","03","공립","N","","4","4","4","2","0","14(2)","326(8)","23.3"
"충청남도교육청","충청남도공주교육지원청","충청남도 공주시","S120000284","사곡중학교","03","공립","N","","1","1","1","1","0","4(1)","25(4)","6.3"
"충청남도교육청","충청남도공주교육지원청","충청남도 공주시","S120000286","우성중학교","03","공립","N","","2","2","2","2","0","8(2)","78(7)","9.8"
"충청남도교육청","충청남도공주교육지원청","충청남도 공주시","S120000287","유구중학교","03","공립","N","","2","2","2","1","0","7(1)","109(1)","15.6"
"충청남도교육청","충청남도공주교육지원청","충청남도 공주시","S120000288","이인중학교","03","공립","N","","1","1","1","0","0","3(0)","25(0)","8.3"
"충청남도교육청","충청남도공주교육지원청","충청남도 공주시","S120000290","정안중학교","03","공립","N","","1","1","1","0","0","3(0)","32(0)","10.7"
"충청남도교육청","충청남도공주교육지원청","충청남도 공주시","S120000291","탄천중학교","03","공립","N","","1","1","1","1","0","4(1)","18(2)","4.5"
"충청남도교육청","충청남도금산교육지원청","충청남도 금산군","S120000367","금산동중학교","03","공립","N","","3","5","3","2","0","13(2)","281(14)","21.6"
"충청남도교육청","충청남도금산교육지원청","충청남도 금산군","S120000368","금산여자중학교","03","공립","N","","3","3","4","2","0","12(2)","246(7)","20.5"
"충청남도교육청","충청남도금산교육지원청","충청남도 금산군","S120000369","금산중학교","03","공립","N","","3","3","4","1","0","11(1)","264(4)","24"
"충청남도교육청","충청남도금산교육지원청","충청남도 금산군","S120000371","복수중학교","03","공립","N","","1","1","1","0","0","3(0)","20(0)","6.7"
"충청남도교육청","충청남도금산교육지원청","충청남도 금산군","S120000372","부리중학교","03","공립","N","","1","1","1","1","0","4(1)","38(2)","9.5"
"충청남도교육청","충청남도금산교육지원청","충청남도 금산군","S120000373","제원중학교","03","공립","N","","1","1","1","1","0","4(1)","41(4)","10.3"
"충청남도교육청","충청남도금산교육지원청","충청남도 금산군","S120000374","진산중학교","03","공립","N","","1","1","1","1","0","4(1)","33(3)","8.3"
"충청남도교육청","충청남도금산교육지원청","충청남도 금산군","S120000375","추부중학교","03","공립","N","","2","2","2","2","0","8(2)","102(11)","12.8"
"충청남도교육청","충청남도논산계룡교육지원청","충청남도 논산시","S120000420","가야곡중학교","03","공립","N","","1","1","1","1","0","4(1)","15(2)","3.8"
"충청남도교육청","충청남도논산계룡교육지원청","충청남도 논산시","S120000421","강경여자중학교","03","공립","N","","2","2","2","1","0","7(1)","111(4)","15.9"
"충청남도교육청","충청남도논산계룡교육지원청","충청남도 논산시","S120000422","강경중학교","03","공립","N","","1","2","1","1","0","5(1)","84(4)","16.8"
"충청남도교육청","충청남도논산계룡교육지원청","충청남도 논산시","S120000423","건양대학교병설건양중학교","03","사립","N","","2","2","2","0","0","6(0)","104(0)","17.3"
"충청남도교육청","충청남도논산계룡교육지원청","충청남도 논산시","S120000424","광석중학교","03","공립","N","","1","1","1","2","0","5(2)","50(12)","10"
"충청남도교육청","충청남도논산계룡교육지원청","충청남도 논산시","S120000425","기민중학교","03","사립","N","","4","4","3","0","0","11(0)","255(0)","23.2"
"충청남도교육청","충청남도논산계룡교육지원청","충청남도 논산시","S120000426","노성중학교","03","공립","N","","1","2","1","1","0","5(1)","64(3)","12.8"
"충청남도교육청","충청남도논산계룡교육지원청","충청남도 논산시","S120000427","논산대건중학교","03","사립","N","","3","4","4","0","0","11(0)","301(0)","27.4"
"충청남도교육청","충청남도논산계룡교육지원청","충청남도 논산시","S120000428","논산여자중학교","03","공립","N","","7","7","6","2","0","22(2)","534(7)","24.3"
"충청남도교육청","충청남도논산계룡교육지원청","충청남도 논산시","S120000429","논산중학교","03","공립","N","","5","4","5","4","0","18(4)","344(21)","19.1"
"충청남도교육청","충청남도논산계룡교육지원청","충청남도 논산시","S120000432","쌘뽈여자중학교","03","사립","N","","4","4","4","0","0","12(0)","294(0)","24.5"
"충청남도교육청","충청남도논산계룡교육지원청","충청남도 계룡시","S120000434","엄사중학교","03","공립","N","","6","6","7","1","0","20(1)","511(6)","25.6"
"충청남도교육청","충청남도논산계룡교육지원청","충청남도 논산시","S120000436","연무여자중학교","03","사립","N","","2","2","2","0","0","6(0)","125(0)","20.8"
"충청남도교육청","충청남도논산계룡교육지원청","충청남도 논산시","S120000437","연무중학교","03","공립","N","","2","2","2","1","0","7(1)","136(1)","19.4"
"충청남도교육청","충청남도논산계룡교육지원청","충청남도 논산시","S120000438","연산중학교","03","공립","N","","1","1","2","1","0","5(1)","84(4)","16.8"
"충청남도교육청","충청남도논산계룡교육지원청","충청남도 계룡시","S120000439","용남중학교","03","공립","N","","7","7","8","1","0","23(1)","605(3)","26.3"
"충청남도교육청","충청남도부여교육지원청","충청남도 부여군","S120000505","백제중학교","03","사립","N","","4","3","4","1","0","12(1)","264(5)","22"
"충청남도교육청","충청남도부여교육지원청","충청남도 부여군","S120000506","부여여자중학교","03","공립","N","","4","3","4","0","0","11(0)","258(0)","23.5"
"충청남도교육청","충청남도부여교육지원청","충청남도 부여군","S120000507","부여중학교","03","공립","N","","4","4","4","1","0","13(1)","299(5)","23"
"충청남도교육청","충청남도부여교육지원청","충청남도 부여군","S120000508","석성중학교","03","공립","N","","1","1","1","1","0","4(1)","60(3)","15"
"충청남도교육청","충청남도부여교육지원청","충청남도 부여군","S120000509","세도중학교","03","공립","N","","1","1","1","0","0","3(0)","34(0)","11.3"
"충청남도교육청","충청남도부여교육지원청","충청남도 부여군","S120000511","외산중학교","03","사립","N","","1","1","1","0","0","3(0)","37(0)","12.3"
"충청남도교육청","충청남도부여교육지원청","충청남도 부여군","S120000512","용강중학교","03","사립","N","","1","1","1","1","0","4(1)","30(3)","7.5"
"충청남도교육청","충청남도부여교육지원청","충청남도 부여군","S120000513","은산중학교","03","공립","N","","1","1","1","1","0","4(1)","37(1)","9.3"
"충청남도교육청","충청남도부여교육지원청","충청남도 부여군","S120000514","임천중학교","03","공립","N","","1","1","1","1","0","4(1)","25(1)","6.3"
"충청남도교육청","충청남도부여교육지원청","충청남도 부여군","S120000516","홍산중학교","03","공립","N","","1","1","1","0","0","3(0)","44(0)","14.7"
"충청남도교육청","충청남도아산교육지원청","충청남도 아산시","S120000579","도고중학교","03","공립","N","","1","1","1","0","0","3(0)","32(0)","10.7"
"충청남도교육청","충청남도아산교육지원청","충청남도 아산시","S120000580","둔포중학교","03","사립","N","","3","3","4","0","0","10(0)","224(0)","22.4"
"충청남도교육청","충청남도아산교육지원청","충청남도 아산시","S120000582","선도중학교","03","공립","N","","1","1","1","0","0","3(0)","21(0)","7"
"충청남도교육청","충청남도아산교육지원청","충청남도 아산시","S120000583","송남중학교","03","공립","N","","3","3","3","1","0","10(1)","184(5)","18.4"
"충청남도교육청","충청남도아산교육지원청","충청남도 아산시","S120000584","신창중학교","03","공립","N","","10","7","6","2","0","25(2)","560(9)","22.4"
"충청남도교육청","충청남도아산교육지원청","충청남도 아산시","S120000585","아산중학교","03","사립","N","","9","9","9","0","0","27(0)","769(0)","28.5"
"충청남도교육청","충청남도아산교육지원청","충청남도 아산시","S120000587","영인중학교","03","공립","N","","1","1","1","1","0","4(1)","55(4)","13.8"
"충청남도교육청","충청남도아산교육지원청","충청남도 아산시","S120000588","온양여자중학교","03","공립","N","","8","11","10","2","0","31(2)","826(14)","26.6"
"충청남도교육청","충청남도아산교육지원청","충청남도 아산시","S120000589","온양중학교","03","공립","N","","7","10","9","2","0","28(2)","732(11)","26.1"
"충청남도교육청","충청남도아산교육지원청","충청남도 아산시","S120000590","한올중학교","03","사립","N","","7","8","8","0","0","23(0)","626(0)","27.2"
"충청남도교육청","충청남도아산교육지원청","충청남도 아산시","S120000591","음봉중학교","03","공립","N","","9","9","8","2","0","28(2)","677(13)","24.2"
"충청남도교육청","충청남도아산교육지원청","충청남도 아산시","S120000592","인주중학교","03","공립","N","","1","2","2","1","0","6(1)","84(5)","14"
"충청남도교육청","충청남도예산교육지원청","충청남도 예산군","S120000682","고덕중학교","03","공립","N","","1","1","1","0","0","3(0)","62(0)","20.7"
"충청남도교육청","충청남도예산교육지원청","충청남도 예산군","S120000683","광시중학교","03","사립","N","","1","1","1","1","0","4(1)","22(3)","5.5"
"충청남도교육청","충청남도예산교육지원청","충청남도 예산군","S120000684","대술중학교","03","공립","N","","1","1","1","0","0","3(0)","31(0)","10.3"
"충청남도교육청","충청남도예산교육지원청","충청남도 예산군","S120000685","대흥중학교","03","사립","N","","2","2","2","0","0","6(0)","139(0)","23.2"
"충청남도교육청","충청남도예산교육지원청","충청남도 예산군","S120000686","덕산중학교","03","공립","N","","7","10","10","2","0","29(2)","701(8)","24.2"
"충청남도교육청","충청남도예산교육지원청","충청남도 예산군","S120000687","삽교중학교","03","공립","N","","1","1","1","0","0","3(0)","57(0)","19"
"충청남도교육청","충청남도예산교육지원청","충청남도 예산군","S120000688","신암중학교","03","공립","N","","1","1","1","1","0","4(1)","44(7)","11"
"충청남도교육청","충청남도예산교육지원청","충청남도 예산군","S120000689","신양중학교","03","사립","N","","1","1","1","1","0","4(1)","71(6)","17.8"
"충청남도교육청","충청남도예산교육지원청","충청남도 예산군","S120000690","예산여자중학교","03","공립","N","","4","4","5","1","0","14(1)","319(4)","22.8"
"충청남도교육청","충청남도예산교육지원청","충청남도 예산군","S120000691","예산중학교","03","공립","N","","6","6","5","1","0","18(1)","416(6)","23.1"
"충청남도교육청","충청남도예산교육지원청","충청남도 예산군","S120000692","임성중학교","03","사립","N","","1","1","1","0","0","3(0)","47(0)","15.7"
"충청남도교육청","충청남도천안교육지원청","충청남도 천안시 동남구","S120000735","천안계광중학교","03","사립","N","","6","6","7","0","0","19(0)","517(0)","27.2"
"충청남도교육청","충청남도천안교육지원청","충청남도 천안시 동남구","S120000736","광풍중학교","03","사립","N","","4","4","3","0","0","11(0)","250(0)","22.7"
"충청남도교육청","충청남도천안교육지원청","충청남도 천안시 서북구","S120000737","천안동성중학교","03","사립","N","","4","4","5","0","0","13(0)","302(0)","23.2"
"충청남도교육청","충청남도천안교육지원청","충청남도 천안시 동남구","S120000738","목천중학교","03","공립","N","","2","3","3","2","0","10(2)","196(14)","19.6"
"충청남도교육청","충청남도천안교육지원청","충청남도 천안시 동남구","S120000739","병천중학교","03","공립","N","","2","2","2","1","0","7(1)","104(4)","14.9"
"충청남도교육청","충청남도천안교육지원청","충청남도 천안시 동남구","S120000740","복자여자중학교","03","사립","N","","6","5","5","0","0","16(0)","491(0)","30.7"
"충청남도교육청","충청남도천안교육지원청","충청남도 천안시 서북구","S120000741","성환중학교","03","공립","N","","4","3","5","2","0","14(2)","260(10)","18.6"
"충청남도교육청","충청남도천안교육지원청","충청남도 천안시 서북구","S120000743","입장중학교","03","공립","N","","2","2","2","1","0","7(1)","129(7)","18.4"
"충청남도교육청","충청남도천안교육지원청","충청남도 천안시 동남구","S120000744","천남중학교","03","공립","N","","1","1","1","0","0","3(0)","59(0)","19.7"
"충청남도교육청","충청남도천안교육지원청","충청남도 천안시 동남구","S120000745","천성중학교","03","사립","N","","5","5","6","0","0","16(0)","414(0)","25.9"
"충청남도교육청","충청남도천안교육지원청","충청남도 천안시 동남구","S120000746","천안동중학교","03","공립","N","","6","8","7","0","0","21(0)","631(0)","30"
"충청남도교육청","충청남도천안교육지원청","충청남도 천안시 서북구","S120000747","천안두정중학교","03","공립","N","","10","9","10","2","0","31(2)","921(10)","29.7"
"충청남도교육청","충청남도천안교육지원청","충청남도 천안시 서북구","S120000748","천안봉서중학교","03","공립","N","","6","6","7","2","0","21(2)","462(13)","22"
"충청남도교육청","충청남도천안교육지원청","충청남도 천안시 서북구","S120000749","천안부성중학교","03","공립","N","","6","7","7","2","0","22(2)","557(9)","25.3"
"충청남도교육청","충청남도천안교육지원청","충청남도 천안시 동남구","S120000750","천안북중학교","03","공립","N","","7","6","8","2","0","23(2)","603(13)","26.2"
"충청남도교육청","충청남도천안교육지원청","충청남도 천안시 동남구","S120000751","천안서여자중학교","03","사립","N","","6","6","7","0","0","19(0)","440(0)","23.2"
"충청남도교육청","충청남도천안교육지원청","충청남도 천안시 서북구","S120000752","천안성정중학교","03","공립","N","","9","11","10","2","0","32(2)","881(8)","27.5"
"충청남도교육청","충청남도천안교육지원청","충청남도 천안시 서북구","S120000753","천안쌍용중학교","03","공립","N","","11","12","13","2","0","38(2)","1124(12)","29.6"
"충청남도교육청","충청남도천안교육지원청","충청남도 천안시 동남구","S120000754","천안여자중학교","03","공립","N","","6","8","8","3","0","25(3)","633(16)","25.3"
"충청남도교육청","충청남도천안교육지원청","충청남도 천안시 동남구","S120000755","천안중학교","03","공립","N","","7","7","7","2","0","23(2)","634(9)","27.6"
"충청남도교육청","충청남도청양교육지원청","충청남도 청양군","S120000822","동영중학교","03","사립","N","","0","1","1","0","0","2(0)","10(0)","5"
"충청남도교육청","충청남도청양교육지원청","충청남도 청양군","S120000824","정산중학교","03","공립","N","","2","2","2","1","0","7(1)","120(2)","17.1"
"충청남도교육청","충청남도청양교육지원청","충청남도 청양군","S120000826","청신여자중학교","03","사립","N","","1","1","1","0","0","3(0)","41(0)","13.7"
"충청남도교육청","충청남도청양교육지원청","충청남도 청양군","S120000827","청양중학교","03","공립","N","","4","4","4","2","0","14(2)","310(11)","22.1"
"충청남도교육청","충청남도당진교육지원청","충청남도 당진시","S120000868","고대중학교","03","공립","N","","1","1","1","1","0","4(1)","61(6)","15.3"
"충청남도교육청","충청남도당진교육지원청","충청남도 당진시","S120000870","당진중학교","03","공립","N","","11","10","15","2","0","38(2)","998(9)","26.3"
"충청남도교육청","충청남도당진교육지원청","충청남도 당진시","S120000871","당진중학교대호지분교장","03","공립","N","","1","1","1","0","0","3(0)","8(0)","2.7"
"충청남도교육청","충청남도당진교육지원청","충청남도 당진시","S120000872","면천중학교","03","공립","N","","1","1","1","0","0","3(0)","38(0)","12.7"
"충청남도교육청","충청남도당진교육지원청","충청남도 당진시","S120000874","서야중학교","03","사립","N","","2","2","2","0","0","6(0)","119(0)","19.8"
"충청남도교육청","충청남도당진교육지원청","충청남도 당진시","S120000875","석문중학교","03","사립","N","","2","2","2","0","0","6(0)","96(0)","16"
"충청남도교육청","충청남도당진교육지원청","충청남도 당진시","S120000876","송산중학교","03","공립","N","","3","3","3","2","0","11(2)","202(8)","18.4"
"충청남도교육청","충청남도당진교육지원청","충청남도 당진시","S120000877","송악중학교","03","사립","N","","12","12","11","1","0","36(1)","936(8)","26"
"충청남도교육청","충청남도당진교육지원청","충청남도 당진시","S120000878","순성중학교","03","공립","N","","1","1","1","0","0","3(0)","39(0)","13"
"충청남도교육청","충청남도당진교육지원청","충청남도 당진시","S120000879","신평중학교","03","사립","N","","8","8","7","1","0","24(1)","639(8)","26.6"
"충청남도교육청","충청남도당진교육지원청","충청남도 당진시","S120000880","합덕여자중학교","03","공립","N","","1","1","1","1","0","4(1)","51(2)","12.8"
"충청남도교육청","충청남도당진교육지원청","충청남도 당진시","S120000881","합덕중학교","03","공립","N","","1","1","1","1","0","4(1)","60(2)","15"
"충청남도교육청","충청남도당진교육지원청","충청남도 당진시","S120000882","호서중학교","03","사립","N","","6","6","8","0","0","20(0)","576(0)","28.8"
"충청남도교육청","충청남도서산교육지원청","충청남도 서산시","S120000929","고북중학교","03","공립","N","","1","1","1","0","0","3(0)","60(0)","20"
"충청남도교육청","충청남도서산교육지원청","충청남도 서산시","S120000930","대산중학교","03","사립","N","","3","3","3","1","0","10(1)","173(3)","17.3"
"충청남도교육청","충청남도서산교육지원청","충청남도 서산시","S120000931","대철중학교","03","사립","N","","2","2","2","1","0","7(1)","105(6)","15"
"충청남도교육청","충청남도서산교육지원청","충청남도 서산시","S120000932","부석중학교","03","공립","N","","1","1","1","0","0","3(0)","49(0)","16.3"
"충청남도교육청","충청남도서산교육지원청","충청남도 서산시","S120000933","서령중학교","03","사립","N","","6","6","6","0","0","18(0)","534(0)","29.7"
"충청남도교육청","충청남도서산교육지원청","충청남도 서산시","S120000934","서산부춘중학교","03","공립","N","","6","6","5","2","0","19(2)","471(13)","24.8"
"충청남도교육청","충청남도서산교육지원청","충청남도 서산시","S120000935","서산여자중학교","03","공립","N","","10","10","9","2","0","31(2)","834(10)","26.9"
"충청남도교육청","충청남도서산교육지원청","충청남도 서산시","S120000937","서산중학교","03","공립","N","","10","10","10","2","0","32(2)","825(7)","25.8"
"충청남도교육청","충청남도서산교육지원청","충청남도 서산시","S120000938","서일중학교","03","사립","N","","3","3","3","0","0","9(0)","239(0)","26.6"
"충청남도교육청","충청남도서산교육지원청","충청남도 서산시","S120000939","성연중학교","03","공립","N","","8","7","7","2","0","24(2)","568(10)","23.7"
"충청남도교육청","충청남도서산교육지원청","충청남도 서산시","S120000940","음암중학교","03","공립","N","","2","2","2","1","0","7(1)","134(3)","19.1"
"충청남도교육청","충청남도서산교육지원청","충청남도 서산시","S120000941","인지중학교","03","공립","N","","2","2","3","1","0","8(1)","154(6)","19.3"
"충청남도교육청","충청남도서산교육지원청","충청남도 서산시","S120000943","팔봉중학교","03","사립","N","","2","2","3","0","0","7(0)","157(0)","22.4"
"충청남도교육청","충청남도서산교육지원청","충청남도 서산시","S120000944","해미중학교","03","공립","N","","3","3","3","1","0","10(1)","190(5)","19"
"충청남도교육청","충청남도서천교육지원청","충청남도 서천군","S120000998","동강중학교","03","사립","N","","2","2","2","0","0","6(0)","100(0)","16.7"
"충청남도교육청","충청남도서천교육지원청","충청남도 서천군","S120000999","비인중학교","03","공립","N","","1","1","1","1","0","4(1)","19(3)","4.8"
"충청남도교육청","충청남도서천교육지원청","충청남도 서천군","S120001000","서림여자중학교","03","사립","N","","1","1","1","0","0","3(0)","65(0)","21.7"
"충청남도교육청","충청남도서천교육지원청","충청남도 서천군","S120001001","서면중학교","03","공립","N","","1","1","1","1","0","4(1)","42(1)","10.5"
"충청남도교육청","충청남도서천교육지원청","충청남도 서천군","S120001002","서천여자중학교","03","공립","N","","2","2","2","1","0","7(1)","139(2)","19.9"
"충청남도교육청","충청남도서천교육지원청","충청남도 서천군","S120001003","서천중학교","03","공립","N","","3","2","3","1","0","9(1)","181(5)","20.1"
"충청남도교육청","충청남도서천교육지원청","충청남도 서천군","S120001006","장항중학교","03","공립","N","","3","3","3","1","0","10(1)","232(7)","23.2"
"충청남도교육청","충청남도서천교육지원청","충청남도 서천군","S120001008","판교중학교","03","사립","N","","1","1","1","1","0","4(1)","47(5)","11.8"
"충청남도교육청","충청남도서천교육지원청","충청남도 서천군","S120001009","한산중학교","03","공립","N","","1","1","1","1","0","4(1)","19(2)","4.8"
"충청남도교육청","충청남도보령교육지원청","충청남도 보령시","S120001053","남포중학교","03","공립","N","","1","1","1","1","0","4(1)","31(5)","7.8"
"충청남도교육청","충청남도보령교육지원청","충청남도 보령시","S120001054","대명중학교","03","사립","N","","5","5","5","0","0","15(0)","362(0)","24.1"
"충청남도교육청","충청남도보령교육지원청","충청남도 보령시","S120001055","대천서중학교","03","공립","N","","1","1","1","1","0","4(1)","53(3)","13.3"
"충청남도교육청","충청남도보령교육지원청","충청남도 보령시","S120001056","대천여자중학교","03","공립","N","","5","6","6","1","0","18(1)","454(4)","25.2"
"충청남도교육청","충청남도보령교육지원청","충청남도 보령시","S120001057","대천중학교","03","공립","N","","7","6","7","2","0","22(2)","515(12)","23.4"
"충청남도교육청","충청남도보령교육지원청","충청남도 보령시","S120001058","미산중학교","03","공립","N","","1","1","1","1","0","4(1)","34(3)","8.5"
"충청남도교육청","충청남도보령교육지원청","충청남도 보령시","S120001059","보령중학교","03","공립","N","","1","1","1","1","0","4(1)","51(4)","12.8"
"충청남도교육청","충청남도보령교육지원청","충청남도 보령시","S120001060","웅천중학교","03","공립","N","","1","1","1","1","0","4(1)","58(3)","14.5"
"충청남도교육청","충청남도보령교육지원청","충청남도 보령시","S120001063","천북중학교","03","공립","N","","1","1","1","1","0","4(1)","20(2)","5"
"충청남도교육청","충청남도보령교육지원청","충청남도 보령시","S120001064","청라중학교","03","공립","N","","1","2","2","1","0","6(1)","107(1)","17.8"
"충청남도교육청","충청남도보령교육지원청","충청남도 보령시","S120001066","한내여자중학교","03","공립","N","","5","6","5","1","0","17(1)","430(3)","25.3"
"충청남도교육청","충청남도태안교육지원청","충청남도 태안군","S120001124","근흥중학교","03","공립","N","","1","1","1","0","0","3(0)","21(0)","7"
"충청남도교육청","충청남도태안교육지원청","충청남도 태안군","S120001125","만리포중학교","03","공립","N","","1","1","1","0","0","3(0)","14(0)","4.7"
"충청남도교육청","충청남도태안교육지원청","충청남도 태안군","S120001126","남면중학교","03","공립","N","","1","1","1","1","0","4(1)","35(1)","8.8"
"충청남도교육청","충청남도태안교육지원청","충청남도 태안군","S120001128","안면중학교","03","공립","N","","2","2","2","1","0","7(1)","113(1)","16.1"
"충청남도교육청","충청남도태안교육지원청","충청남도 태안군","S120001129","원이중학교","03","공립","N","","2","3","2","1","0","8(1)","158(7)","19.8"
"충청남도교육청","충청남도태안교육지원청","충청남도 태안군","S120001132","태안여자중학교","03","공립","N","","5","4","4","1","0","14(1)","358(7)","25.6"
"충청남도교육청","충청남도태안교육지원청","충청남도 태안군","S120001133","태안중학교","03","공립","N","","5","5","4","2","0","16(2)","353(12)","22.1"
"충청남도교육청","충청남도홍성교육지원청","충청남도 홍성군","S120001195","갈산중학교","03","공립","N","","1","1","1","1","0","4(1)","33(1)","8.3"
"충청남도교육청","충청남도홍성교육지원청","충청남도 홍성군","S120001198","광천중학교","03","공립","N","","2","2","2","1","0","7(1)","126(2)","18"
"충청남도교육청","충청남도홍성교육지원청","충청남도 홍성군","S120001201","금마중학교","03","공립","N","","1","1","1","1","0","4(1)","54(6)","13.5"
"충청남도교육청","충청남도홍성교육지원청","충청남도 홍성군","S120001202","서해삼육중학교","03","사립","N","","1","1","1","0","0","3(0)","82(0)","27.3"
"충청남도교육청","충청남도홍성교육지원청","충청남도 홍성군","S120001204","홍동중학교","03","공립","N","","2","2","2","1","0","7(1)","106(5)","15.1"
"충청남도교육청","충청남도홍성교육지원청","충청남도 홍성군","S120001205","홍성서부중학교","03","공립","N","","1","1","1","0","0","3(0)","27(0)","9"
"충청남도교육청","충청남도홍성교육지원청","충청남도 홍성군","S120001206","홍성여자중학교","03","공립","N","","7","6","7","2","0","22(2)","519(10)","23.6"
"충청남도교육청","충청남도홍성교육지원청","충청남도 홍성군","S120001207","홍성중학교","03","공립","N","","4","4","4","2","0","14(2)","275(12)","19.6"
"충청남도교육청","충청남도홍성교육지원청","충청남도 홍성군","S120001208","홍주중학교","03","사립","N","","4","4","4","0","0","12(0)","260(0)","21.7"
"충청남도교육청","충청남도천안교육지원청","충청남도 천안시 서북구","S120002459","천안오성중학교","03","공립","N","","9","9","10","1","0","29(1)","841(4)","29"
"충청남도교육청","충청남도천안교육지원청","충청남도 천안시 서북구","S120002460","천안성성중학교","03","공립","N","","10","9","10","0","0","29(0)","883(0)","30.4"
"충청남도교육청","충청남도천안교육지원청","충청남도 천안시 서북구","S120002461","천안백석중학교","03","공립","N","","10","8","11","2","0","31(2)","905(12)","29.2"
"충청남도교육청","충청남도천안교육지원청","충청남도 천안시 동남구","S120002462","천안신방중학교","03","공립","N","","11","13","12","2","0","38(2)","1034(12)","27.2"
"충청남도교육청","충청남도천안교육지원청","충청남도 천안시 서북구","S120002508","천안불당중학교","03","공립","N","","12","12","12","0","0","36(0)","1134(0)","31.5"
"충청남도교육청","충청남도천안교육지원청","충청남도 천안시 동남구","S120002509","천안용곡중학교","03","공립","N","","12","11","13","2","0","38(2)","1104(11)","29.1"
"충청남도교육청","충청남도천안교육지원청","충청남도 천안시 서북구","S120002510","천안월봉중학교","03","공립","N","","12","11","11","1","0","35(1)","1072(6)","30.6"
"충청남도교육청","충청남도아산교육지원청","충청남도 아산시","S120002523","온양용화중학교","03","공립","N","","9","10","12","3","0","34(3)","863(20)","25.4"
"충청남도교육청","충청남도서산교육지원청","충청남도 서산시","S120002524","서산석림중학교","03","공립","N","","7","7","7","2","0","23(2)","609(12)","26.5"
"충청남도교육청","충청남도서산교육지원청","충청남도 서산시","S120002525","서산명지중학교","03","공립","N","","1","1","1","0","0","3(0)","48(0)","16"
"충청남도교육청","충청남도논산계룡교육지원청","충청남도 계룡시","S120002545","계룡중학교","03","공립","N","","9","9","8","2","0","28(2)","659(8)","23.5"
"충청남도교육청","충청남도아산교육지원청","충청남도 아산시","S120002556","온양신정중학교","03","공립","N","","5","8","9","3","0","25(3)","541(20)","21.6"
"충청남도교육청","충청남도아산교육지원청","충청남도 아산시","S120002601","아산배방중학교","03","공립","N","","12","12","11","2","0","37(2)","1004(10)","27.1"
"충청남도교육청","충청남도당진교육지원청","충청남도 당진시","S120002660","원당중학교","03","공립","N","","12","11","11","2","0","36(2)","977(11)","27.1"
"충청남도교육청","충청남도천안교육지원청","충청남도 천안시 동남구","S120002664","천안새샘중학교","03","공립","N","","10","10","10","1","0","31(1)","918(8)","29.6"
"충청남도교육청","충청남도아산교육지원청","충청남도 아산시","S120002670","탕정중학교","03","공립","N","","10","18","18","1","0","47(1)","1307(7)","27.8"
"충청남도교육청","충청남도아산교육지원청","충청남도 아산시","S120002673","설화중학교","03","공립","N","","12","11","11","1","0","35(1)","993(7)","28.4"
"충청남도교육청","충청남도천안교육지원청","충청남도 천안시 동남구","S120002674","천안가온중학교","03","공립","N","","10","10","10","3","0","33(3)","927(18)","28.1"
"충청남도교육청","충청남도천안교육지원청","충청남도 천안시 서북구","S120002714","환서중학교","03","공립","N","","9","9","8","1","0","27(1)","831(6)","30.8"
"충청남도교육청","충청남도홍성교육지원청","충청남도 홍성군","S120002733","내포중학교","03","공립","N","","8","9","10","1","0","28(1)","777(5)","27.8"
"충청남도교육청","충청남도아산교육지원청","충청남도 아산시","S120002885","아산테크노중학교","03","공립","N","","9","7","6","2","0","24(2)","578(9)","24.1"
"충청남도교육청","충청남도아산교육지원청","충청남도 아산시","S120002886","모산중학교","03","공립","N","","15","14","13","1","0","43(1)","1241(7)","28.9"
"충청남도교육청","충청남도천안교육지원청","충청남도 천안시 서북구","S120002891","천안불무중학교","03","공립","N","","11","10","10","2","0","33(2)","978(13)","29.6"
"충청남도교육청","충청남도아산교육지원청","충청남도 아산시","S120002937","한들물빛중학교","03","공립","N","","9","8","10","1","0","28(1)","809(5)","28.9"
"충청남도교육청","충청남도당진교육지원청","충청남도 당진시","S120002969","수청중학교","03","공립","N","","10","10","3","1","0","24(1)","554(4)","23.1"
"충청남도교육청","충청남도천안교육지원청","충청남도 천안시 서북구","S120002975","천안가람중학교","03","공립","N","","13","6","3","1","0","23(1)","653(6)","28.4"
"충청남도교육청","충청남도홍성교육지원청","충청남도 홍성군","S120002983","홍북중학교","03","공립","N","","10","3","2","1","0","16(1)","380(5)","23.8"
"충청남도교육청","충청남도아산교육지원청","충청남도 아산시","S120002984","모종중학교","03","공립","N","","11","4","3","1","0","19(1)","482(6)","25.4"
"충청남도교육청","충청남도아산교육지원청","충청남도 아산시","S120002992","아산세교중학교","03","공립","N","","7","3","2","1","0","13(1)","244(2)","18.8"
"충청남도교육청","충청남도아산교육지원청","충청남도 아산시","S120002995","아산갈산중학교","03","공립","N","","10","1","1","1","0","13(1)","329(1)","25.3"
"충청남도교육청","충청남도천안교육지원청","충청남도 천안시 동남구","S120002914","천안중학교부설방송통신중학교","25","공립","N","","2","2","2","0","0","6(0)","133(0)","22.2"
"충청남도교육청","충청남도홍성교육지원청","충청남도 홍성군","S120002926","홍성여자중학교부설방송통신중학교","25","공립","N","","2","2","2","0","0","6(0)","115(0)","19.2"