"시도교육청","교육지원청","지역","정보공시 학교코드","학교명","학교급코드","설립구분","제외여부","제외사유","1학년","2학년","3학년","4학년","5학년","6학년","특수학급","순회학급","학급수(계)","학생수(계)","학급당학생수"
"충청남도교육청","충청남도공주교육지원청","충청남도 공주시","S000003499","공주교육대학교부설초등학교","02","국립","N","","4","4","4","4","4","4","1","0","25(1)","469(6)","18.8"
"충청남도교육청","충청남도공주교육지원청","충청남도 공주시","S120000293","경천초등학교","02","공립","N","","1","1","1","1","1","1","0","0","6(0)","14(0)","2.3"
"충청남도교육청","충청남도공주교육지원청","충청남도 공주시","S120000294","계룡초등학교","02","공립","N","","1","1","1","1","1","1","0","0","6(0)","40(0)","6.7"
"충청남도교육청","충청남도공주교육지원청","충청남도 공주시","S120000295","공주교동초등학교","02","공립","N","","1","1","1","1","2","1","1","0","8(1)","120(5)","15"
"충청남도교육청","충청남도공주교육지원청","충청남도 공주시","S120000296","공주금학초등학교","02","공립","N","","1","1","1","1","1","1","1","0","7(1)","47(4)","6.7"
"충청남도교육청","충청남도공주교육지원청","충청남도 공주시","S120000297","공주봉황초등학교","02","공립","N","","1","1","1","1","1","1","1","0","7(1)","73(4)","10.4"
"충청남도교육청","충청남도공주교육지원청","충청남도 공주시","S120000298","공주신월초등학교","02","공립","N","","6","6","7","8","8","8","2","0","45(2)","1075(10)","23.9"
"충청남도교육청","충청남도공주교육지원청","충청남도 공주시","S120000299","공주중동초등학교","02","공립","N","","1","1","1","2","1","2","2","0","10(2)","130(9)","13"
"충청남도교육청","충청남도공주교육지원청","충청남도 공주시","S120000302","구산초등학교","02","공립","N","","1","1","1","1","1","1","0","0","6(0)","34(0)","5.7"
"충청남도교육청","충청남도공주교육지원청","충청남도 공주시","S120000304","귀산초등학교","02","공립","N","","1","1","1","1","1","1","0","0","6(0)","49(0)","8.2"
"충청남도교육청","충청남도공주교육지원청","충청남도 공주시","S120000312","덕암초등학교","02","공립","N","","1","1","1","1","1","1","1","0","7(1)","15(1)","2.1"
"충청남도교육청","충청남도공주교육지원청","충청남도 공주시","S120000315","마곡초등학교","02","공립","N","","1","1","1","1","1","1","1","0","7(1)","22(2)","3.1"
"충청남도교육청","충청남도공주교육지원청","충청남도 공주시","S120000317","반포초등학교","02","공립","N","","1","1","1","1","1","1","2","0","8(2)","35(6)","4.4"
"충청남도교육청","충청남도공주교육지원청","충청남도 공주시","S120000323","상서초등학교","02","공립","N","","1","1","1","1","1","1","1","0","7(1)","49(2)","7"
"충청남도교육청","충청남도공주교육지원청","충청남도 공주시","S120000326","석송초등학교","02","공립","N","","1","1","1","1","1","1","0","0","6(0)","52(0)","8.7"
"충청남도교육청","충청남도공주교육지원청","충청남도 공주시","S120000330","수촌초등학교","02","공립","N","","1","1","1","1","1","1","1","0","7(1)","44(6)","6.3"
"충청남도교육청","충청남도공주교육지원청","충청남도 공주시","S120000331","신관초등학교","02","공립","N","","3","3","3","4","4","5","2","0","24(2)","456(10)","19"
"충청남도교육청","충청남도공주교육지원청","충청남도 공주시","S120000332","신풍초등학교","02","공립","N","","1","1","1","1","1","1","1","0","7(1)","32(2)","4.6"
"충청남도교육청","충청남도공주교육지원청","충청남도 공주시","S120000338","우성초등학교","02","공립","N","","1","1","1","1","1","1","1","0","7(1)","39(2)","5.6"
"충청남도교육청","충청남도공주교육지원청","충청남도 공주시","S120000343","유구초등학교","02","공립","N","","1","1","1","1","1","1","1","0","7(1)","75(5)","10.7"
"충청남도교육청","충청남도공주교육지원청","충청남도 공주시","S120000345","의당초등학교","02","공립","N","","1","1","1","1","1","1","1","0","7(1)","45(2)","6.4"
"충청남도교육청","충청남도공주교육지원청","충청남도 공주시","S120000348","이인초등학교","02","공립","N","","1","1","1","1","1","1","1","0","7(1)","37(2)","5.3"
"충청남도교육청","충청남도공주교육지원청","충청남도 공주시","S120000353","정안초등학교","02","공립","N","","1","1","1","1","1","1","0","0","6(0)","37(0)","6.2"
"충청남도교육청","충청남도공주교육지원청","충청남도 공주시","S120000360","탄천초등학교","02","공립","N","","1","1","1","1","1","1","1","0","7(1)","30(4)","4.3"
"충청남도교육청","충청남도공주교육지원청","충청남도 공주시","S120000361","태봉초등학교","02","공립","N","","1","1","1","1","1","1","0","0","6(0)","26(0)","4.3"
"충청남도교육청","충청남도공주교육지원청","충청남도 공주시","S120000362","학봉초등학교","02","공립","N","","1","1","1","1","1","1","0","0","6(0)","22(0)","3.7"
"충청남도교육청","충청남도공주교육지원청","충청남도 공주시","S120000364","호계초등학교","02","공립","N","","1","1","1","1","1","1","0","0","6(0)","24(0)","4"
"충청남도교육청","충청남도공주교육지원청","충청남도 공주시","S120000366","효포초등학교","02","공립","N","","1","1","1","1","1","1","1","0","7(1)","32(1)","4.6"
"충청남도교육청","충청남도금산교육지원청","충청남도 금산군","S120000376","군북초등학교","02","공립","N","","1","1","1","1","1","1","1","0","7(1)","28(4)","4"
"충청남도교육청","충청남도금산교육지원청","충청남도 금산군","S120000378","금성초등학교금계분교장","02","공립","N","","0","0","0","0","1","1","0","0","2(0)","4(0)","2"
"충청남도교육청","충청남도금산교육지원청","충청남도 금산군","S120000382","금산동초등학교","02","공립","N","","1","1","1","1","1","1","2","0","8(2)","86(9)","10.8"
"충청남도교육청","충청남도금산교육지원청","충청남도 금산군","S120000383","금산중앙초등학교","02","공립","N","","4","3","4","3","3","4","2","0","23(2)","450(8)","19.6"
"충청남도교육청","충청남도금산교육지원청","충청남도 금산군","S120000385","금산초등학교","02","공립","N","","2","2","3","3","3","4","2","0","19(2)","364(7)","19.2"
"충청남도교육청","충청남도금산교육지원청","충청남도 금산군","S120000386","금성초등학교","02","공립","N","","0","1","1","1","1","1","1","0","6(1)","24(4)","4"
"충청남도교육청","충청남도금산교육지원청","충청남도 금산군","S120000389","남이초등학교","02","공립","N","","1","1","1","1","1","1","0","0","6(0)","21(0)","3.5"
"충청남도교육청","충청남도금산교육지원청","충청남도 금산군","S120000392","남일초등학교","02","공립","N","","1","1","1","1","1","1","0","0","6(0)","49(0)","8.2"
"충청남도교육청","충청남도금산교육지원청","충청남도 금산군","S120000395","복수초등학교","02","공립","N","","1","1","1","1","1","1","1","0","7(1)","20(5)","2.9"
"충청남도교육청","충청남도금산교육지원청","충청남도 금산군","S120000399","부리초등학교","02","공립","N","","1","1","1","1","1","1","1","0","7(1)","32(5)","4.6"
"충청남도교육청","충청남도금산교육지원청","충청남도 금산군","S120000402","상곡초등학교","02","공립","N","","1","1","1","1","1","1","0","0","6(0)","29(0)","4.8"
"충청남도교육청","충청남도금산교육지원청","충청남도 금산군","S120000405","성대초등학교","02","공립","N","","1","1","1","1","1","1","1","0","7(1)","21(1)","3"
"충청남도교육청","충청남도금산교육지원청","충청남도 금산군","S120000406","신대초등학교","02","공립","N","","1","1","1","1","1","1","0","0","6(0)","18(0)","3"
"충청남도교육청","충청남도금산교육지원청","충청남도 금산군","S120000408","용문초등학교","02","공립","N","","1","1","1","1","1","1","1","0","7(1)","83(3)","11.9"
"충청남도교육청","충청남도금산교육지원청","충청남도 금산군","S120000410","제원초등학교","02","공립","N","","1","1","1","1","1","1","1","0","7(1)","23(6)","3.3"
"충청남도교육청","충청남도금산교육지원청","충청남도 금산군","S120000414","진산초등학교","02","공립","N","","1","1","1","1","1","1","1","0","7(1)","35(2)","5"
"충청남도교육청","충청남도금산교육지원청","충청남도 금산군","S120000418","추부초등학교","02","공립","N","","1","1","1","2","1","1","2","0","9(2)","110(7)","12.2"
"충청남도교육청","충청남도논산계룡교육지원청","충청남도 논산시","S120000440","가야곡초등학교","02","공립","N","","1","1","1","1","1","1","1","0","7(1)","28(3)","4"
"충청남도교육청","충청남도논산계룡교육지원청","충청남도 논산시","S120000441","감곡초등학교","02","공립","N","","1","1","1","1","1","0","1","0","6(1)","15(2)","2.5"
"충청남도교육청","충청남도논산계룡교육지원청","충청남도 논산시","S120000442","강경산양초등학교","02","공립","N","","1","1","1","1","1","1","1","0","7(1)","43(3)","6.1"
"충청남도교육청","충청남도논산계룡교육지원청","충청남도 논산시","S120000443","강경중앙초등학교","02","공립","N","","1","1","1","1","1","1","0","0","6(0)","35(0)","5.8"
"충청남도교육청","충청남도논산계룡교육지원청","충청남도 논산시","S120000444","강경황산초등학교","02","공립","N","","1","1","1","1","1","1","1","0","7(1)","117(3)","16.7"
"충청남도교육청","충청남도논산계룡교육지원청","충청남도 논산시","S120000446","광석초등학교","02","공립","N","","1","2","1","1","1","1","1","0","8(1)","63(4)","7.9"
"충청남도교육청","충청남도논산계룡교육지원청","충청남도 논산시","S120000447","구자곡초등학교","02","공립","N","","1","1","1","1","1","1","1","0","7(1)","79(3)","11.3"
"충청남도교육청","충청남도논산계룡교육지원청","충청남도 논산시","S120000448","노성초등학교","02","공립","N","","1","1","1","1","1","1","0","0","6(0)","34(0)","5.7"
"충청남도교육청","충청남도논산계룡교육지원청","충청남도 논산시","S120000449","논산동성초등학교","02","공립","N","","3","3","5","3","4","4","2","0","24(2)","503(10)","21"
"충청남도교육청","충청남도논산계룡교육지원청","충청남도 논산시","S120000450","논산반월초등학교","02","공립","N","","1","1","1","1","1","1","1","0","7(1)","92(1)","13.1"
"충청남도교육청","충청남도논산계룡교육지원청","충청남도 논산시","S120000451","논산부창초등학교","02","공립","N","","2","2","2","2","2","2","2","0","14(2)","221(8)","15.8"
"충청남도교육청","충청남도논산계룡교육지원청","충청남도 논산시","S120000452","논산중앙초등학교","02","공립","N","","5","4","4","5","5","5","3","0","31(3)","668(16)","21.5"
"충청남도교육청","충청남도논산계룡교육지원청","충청남도 논산시","S120000456","도산초등학교","02","공립","N","","1","1","1","1","1","1","0","0","6(0)","75(0)","12.5"
"충청남도교육청","충청남도논산계룡교육지원청","충청남도 계룡시","S120000459","두마초등학교","02","공립","N","","2","3","3","3","3","3","2","0","19(2)","331(8)","17.4"
"충청남도교육청","충청남도논산계룡교육지원청","충청남도 논산시","S120000460","반곡초등학교","02","공립","N","","1","2","1","1","1","1","0","0","7(0)","112(0)","16"
"충청남도교육청","충청남도논산계룡교육지원청","충청남도 논산시","S120000461","백석초등학교","02","공립","N","","1","1","1","1","1","1","1","0","7(1)","65(3)","9.3"
"충청남도교육청","충청남도논산계룡교육지원청","충청남도 논산시","S120000462","벌곡초등학교","02","공립","N","","1","1","1","1","1","1","0","0","6(0)","53(0)","8.8"
"충청남도교육청","충청남도논산계룡교육지원청","충청남도 논산시","S120000466","부적초등학교","02","공립","N","","1","1","1","1","1","1","1","0","7(1)","64(6)","9.1"
"충청남도교육청","충청남도논산계룡교육지원청","충청남도 논산시","S120000469","상월초등학교","02","공립","N","","1","1","1","1","1","1","1","0","7(1)","42(4)","6"
"충청남도교육청","충청남도논산계룡교육지원청","충청남도 논산시","S120000472","성덕초등학교","02","공립","N","","1","1","1","1","1","1","1","0","7(1)","96(3)","13.7"
"충청남도교육청","충청남도논산계룡교육지원청","충청남도 논산시","S120000473","성동초등학교","02","공립","N","","1","1","1","1","1","1","1","0","7(1)","43(5)","6.1"
"충청남도교육청","충청남도논산계룡교육지원청","충청남도 논산시","S120000476","양촌초등학교","02","공립","N","","1","1","1","1","1","1","1","0","7(1)","64(4)","9.1"
"충청남도교육청","충청남도논산계룡교육지원청","충청남도 계룡시","S120000479","엄사초등학교","02","공립","N","","2","2","3","3","3","3","1","0","17(1)","301(4)","17.7"
"충청남도교육청","충청남도논산계룡교육지원청","충청남도 논산시","S120000481","연무중앙초등학교","02","공립","N","","2","2","2","3","3","3","1","0","16(1)","290(3)","18.1"
"충청남도교육청","충청남도논산계룡교육지원청","충청남도 논산시","S120000482","연무초등학교","02","공립","N","","1","1","1","1","1","1","1","0","7(1)","70(4)","10"
"충청남도교육청","충청남도논산계룡교육지원청","충청남도 논산시","S120000483","연산초등학교","02","공립","N","","1","1","1","1","1","1","1","0","7(1)","63(4)","9"
"충청남도교육청","충청남도논산계룡교육지원청","충청남도 논산시","S120000487","왕전초등학교","02","공립","N","","1","1","1","1","1","1","0","0","6(0)","54(0)","9"
"충청남도교육청","충청남도논산계룡교육지원청","충청남도 계룡시","S120000488","용남초등학교","02","공립","N","","6","6","6","7","7","7","1","0","40(1)","896(4)","22.4"
"충청남도교육청","충청남도논산계룡교육지원청","충청남도 논산시","S120000489","원봉초등학교","02","공립","N","","1","1","1","1","1","1","0","0","6(0)","43(0)","7.2"
"충청남도교육청","충청남도논산계룡교육지원청","충청남도 논산시","S120000490","은진초등학교","02","공립","N","","1","1","1","1","1","1","1","0","7(1)","76(5)","10.9"
"충청남도교육청","충청남도논산계룡교육지원청","충청남도 논산시","S120000491","이화초등학교","02","공립","N","","1","1","1","1","1","1","1","0","7(1)","54(1)","7.7"
"충청남도교육청","충청남도논산계룡교육지원청","충청남도 논산시","S120000494","채운초등학교","02","공립","N","","1","1","1","1","1","1","1","0","7(1)","77(4)","11"
"충청남도교육청","충청남도논산계룡교육지원청","충청남도 논산시","S120000495","청동초등학교","02","공립","N","","1","1","1","1","1","1","1","0","7(1)","52(6)","7.4"
"충청남도교육청","충청남도부여교육지원청","충청남도 부여군","S120000520","구룡초등학교","02","공립","N","","1","1","1","1","0","1","1","0","6(1)","14(1)","2.3"
"충청남도교육청","충청남도부여교육지원청","충청남도 부여군","S120000521","궁남초등학교","02","공립","N","","1","1","1","1","1","1","0","0","6(0)","43(0)","7.2"
"충청남도교육청","충청남도부여교육지원청","충청남도 부여군","S120000522","규암초등학교","02","공립","N","","3","3","3","4","4","4","3","0","24(3)","430(15)","17.9"
"충청남도교육청","충청남도부여교육지원청","충청남도 부여군","S120000527","내산초등학교","02","공립","N","","1","1","1","1","1","1","1","0","7(1)","25(3)","3.6"
"충청남도교육청","충청남도부여교육지원청","충청남도 부여군","S120000530","대왕초등학교","02","공립","N","","1","1","1","1","1","1","1","0","7(1)","36(5)","5.1"
"충청남도교육청","충청남도부여교육지원청","충청남도 부여군","S120000535","백강초등학교","02","공립","N","","1","1","1","1","1","1","0","0","6(0)","33(0)","5.5"
"충청남도교육청","충청남도부여교육지원청","충청남도 부여군","S120000537","백제초등학교","02","공립","N","","1","1","1","1","1","1","2","0","8(2)","79(9)","9.9"
"충청남도교육청","충청남도부여교육지원청","충청남도 부여군","S120000540","부여초등학교","02","공립","N","","3","3","4","4","4","4","2","0","24(2)","516(8)","21.5"
"충청남도교육청","충청남도부여교육지원청","충청남도 부여군","S120000543","석양초등학교석성분교장","02","공립","N","","1","0","0","1","1","1","0","0","4(0)","10(0)","2.5"
"충청남도교육청","충청남도부여교육지원청","충청남도 부여군","S120000544","석양초등학교","02","공립","N","","1","1","1","1","1","1","1","0","7(1)","40(2)","5.7"
"충청남도교육청","충청남도부여교육지원청","충청남도 부여군","S120000546","세도초등학교","02","공립","N","","1","1","1","1","1","1","0","0","6(0)","33(0)","5.5"
"충청남도교육청","충청남도부여교육지원청","충청남도 부여군","S120000548","송간초등학교","02","공립","N","","1","1","1","1","1","1","1","0","7(1)","29(4)","4.1"
"충청남도교육청","충청남도부여교육지원청","충청남도 부여군","S120000552","양화초등학교","02","공립","N","","1","1","1","1","1","0","0","0","5(0)","14(0)","2.8"
"충청남도교육청","충청남도부여교육지원청","충청남도 부여군","S120000554","옥산초등학교","02","공립","N","","1","1","1","1","1","1","1","0","7(1)","11(2)","1.6"
"충청남도교육청","충청남도부여교육지원청","충청남도 부여군","S120000555","외산초등학교","02","공립","N","","1","1","1","1","1","1","1","0","7(1)","19(2)","2.7"
"충청남도교육청","충청남도부여교육지원청","충청남도 부여군","S120000557","용당초등학교","02","공립","N","","0","0","1","1","1","1","0","0","4(0)","11(0)","2.8"
"충청남도교육청","충청남도부여교육지원청","충청남도 부여군","S120000558","은산초등학교","02","공립","N","","1","1","1","1","1","1","1","0","7(1)","52(2)","7.4"
"충청남도교육청","충청남도부여교육지원청","충청남도 부여군","S120000563","임천초등학교","02","공립","N","","1","1","1","1","1","1","1","0","7(1)","49(1)","7"
"충청남도교육청","충청남도부여교육지원청","충청남도 부여군","S120000568","장암초등학교","02","공립","N","","1","1","1","1","1","1","1","0","7(1)","33(2)","4.7"
"충청남도교육청","충청남도부여교육지원청","충청남도 부여군","S120000571","초촌초등학교","02","공립","N","","1","1","1","1","1","1","0","0","6(0)","22(0)","3.7"
"충청남도교육청","충청남도부여교육지원청","충청남도 부여군","S120000572","충화초등학교","02","공립","N","","1","0","1","1","1","1","0","0","5(0)","12(0)","2.4"
"충청남도교육청","충청남도부여교육지원청","충청남도 부여군","S120000575","합송초등학교","02","공립","N","","1","1","1","1","1","1","1","0","7(1)","31(4)","4.4"
"충청남도교육청","충청남도부여교육지원청","충청남도 부여군","S120000577","홍산초등학교","02","공립","N","","1","1","1","1","1","1","0","0","6(0)","64(0)","10.7"
"충청남도교육청","충청남도아산교육지원청","충청남도 아산시","S120000594","관대초등학교","02","공립","N","","1","1","1","1","2","1","0","0","7(0)","51(0)","7.3"
"충청남도교육청","충청남도아산교육지원청","충청남도 아산시","S120000595","금곡초등학교","02","공립","N","","1","1","1","1","2","2","2","0","10(2)","132(8)","13.2"
"충청남도교육청","충청남도아산교육지원청","충청남도 아산시","S120000596","금성초등학교","02","공립","N","","1","1","1","1","1","1","0","0","6(0)","47(0)","7.8"
"충청남도교육청","충청남도아산교육지원청","충청남도 아산시","S120000597","남창초등학교","02","공립","N","","1","1","1","1","1","1","0","0","6(0)","41(0)","6.8"
"충청남도교육청","충청남도아산교육지원청","충청남도 아산시","S120000598","도고온천초등학교","02","공립","N","","1","1","1","1","1","1","0","0","6(0)","51(0)","8.5"
"충청남도교육청","충청남도아산교육지원청","충청남도 아산시","S120000599","도고초등학교","02","공립","N","","1","1","1","1","1","1","0","0","6(0)","60(0)","10"
"충청남도교육청","충청남도아산교육지원청","충청남도 아산시","S120000601","동덕초등학교","02","공립","N","","2","2","2","2","2","2","1","0","13(1)","202(7)","15.5"
"충청남도교육청","충청남도아산교육지원청","충청남도 아산시","S120000604","둔포초등학교","02","공립","N","","2","5","3","4","3","4","1","0","22(1)","344(6)","15.6"
"충청남도교육청","충청남도아산교육지원청","충청남도 아산시","S120000605","배방초등학교","02","공립","N","","6","5","6","8","7","7","4","0","43(4)","936(24)","21.8"
"충청남도교육청","충청남도아산교육지원청","충청남도 아산시","S120000610","선장초등학교","02","공립","N","","1","1","1","1","1","1","1","0","7(1)","23(2)","3.3"
"충청남도교육청","충청남도아산교육지원청","충청남도 아산시","S120000613","송곡초등학교","02","공립","N","","1","1","1","1","1","1","0","0","6(0)","111(0)","18.5"
"충청남도교육청","충청남도아산교육지원청","충청남도 아산시","S120000614","송남초등학교","02","공립","N","","2","1","2","2","2","2","1","0","12(1)","154(4)","12.8"
"충청남도교육청","충청남도아산교육지원청","충청남도 아산시","S120000615","거산초등학교","02","공립","N","","1","1","1","1","1","1","0","0","6(0)","63(0)","10.5"
"충청남도교육청","충청남도아산교육지원청","충청남도 아산시","S120000617","신광초등학교","02","공립","N","","2","2","2","2","3","4","3","0","18(3)","266(17)","14.8"
"충청남도교육청","충청남도아산교육지원청","충청남도 아산시","S120000618","신리초등학교","02","공립","N","","10","7","8","8","7","8","2","0","50(2)","1125(10)","22.5"
"충청남도교육청","충청남도아산교육지원청","충청남도 아산시","S120000620","신창초등학교","02","공립","N","","3","5","5","5","5","5","0","0","28(0)","411(0)","14.7"
"충청남도교육청","충청남도아산교육지원청","충청남도 아산시","S120000621","신화초등학교","02","공립","N","","1","1","1","1","1","1","1","0","7(1)","48(5)","6.9"
"충청남도교육청","충청남도아산교육지원청","충청남도 아산시","S120000622","쌍룡초등학교","02","공립","N","","1","1","1","1","1","1","0","0","6(0)","44(0)","7.3"
"충청남도교육청","충청남도아산교육지원청","충청남도 아산시","S120000623","염작초등학교","02","공립","N","","12","9","11","9","8","8","4","0","61(4)","1346(25)","22.1"
"충청남도교육청","충청남도아산교육지원청","충청남도 아산시","S120000624","염티초등학교","02","공립","N","","1","1","1","1","1","1","0","0","6(0)","46(0)","7.7"
"충청남도교육청","충청남도아산교육지원청","충청남도 아산시","S120000626","영인초등학교","02","공립","N","","1","1","1","1","1","1","1","0","7(1)","58(5)","8.3"
"충청남도교육청","충청남도아산교육지원청","충청남도 아산시","S120000627","오목초등학교","02","공립","N","","1","1","1","1","1","1","1","0","7(1)","73(5)","10.4"
"충청남도교육청","충청남도아산교육지원청","충청남도 아산시","S120000628","온양동신초등학교","02","공립","N","","5","4","4","6","5","6","2","0","32(2)","720(11)","22.5"
"충청남도교육청","충청남도아산교육지원청","충청남도 아산시","S120000629","온양온천초등학교","02","공립","N","","2","2","2","2","3","3","2","0","16(2)","281(12)","17.6"
"충청남도교육청","충청남도아산교육지원청","충청남도 아산시","S120000630","온양중앙초등학교","02","공립","N","","3","3","3","3","3","3","3","0","21(3)","279(16)","13.3"
"충청남도교육청","충청남도아산교육지원청","충청남도 아산시","S120000631","온양천도초등학교","02","공립","N","","5","4","5","5","5","5","2","0","31(2)","714(11)","23"
"충청남도교육청","충청남도아산교육지원청","충청남도 아산시","S120000632","온양초등학교","02","공립","N","","2","2","2","3","2","2","2","0","15(2)","271(7)","18.1"
"충청남도교육청","충청남도아산교육지원청","충청남도 아산시","S120000633","온양초사초등학교","02","공립","N","","1","1","1","1","1","1","1","0","7(1)","76(4)","10.9"
"충청남도교육청","충청남도아산교육지원청","충청남도 아산시","S120000634","용화초등학교","02","공립","N","","3","2","3","2","3","3","2","0","18(2)","338(10)","18.8"
"충청남도교육청","충청남도아산교육지원청","충청남도 아산시","S120000635","월랑초등학교","02","공립","N","","8","8","8","9","9","8","3","0","53(3)","1177(19)","22.2"
"충청남도교육청","충청남도아산교육지원청","충청남도 아산시","S120000637","음봉초등학교","02","공립","N","","1","1","1","1","1","1","0","0","6(0)","72(0)","12"
"충청남도교육청","충청남도아산교육지원청","충청남도 아산시","S120000638","인주초등학교","02","공립","N","","1","1","1","1","1","1","1","0","7(1)","76(2)","10.9"
"충청남도교육청","충청남도아산교육지원청","충청남도 아산시","S120000639","탕정초등학교","02","공립","N","","7","6","7","8","8","9","1","0","46(1)","1072(5)","23.3"
"충청남도교육청","충청남도예산교육지원청","충청남도 예산군","S120000693","고덕초등학교","02","공립","N","","1","1","1","1","1","1","1","0","7(1)","31(2)","4.4"
"충청남도교육청","충청남도예산교육지원청","충청남도 예산군","S120000695","구만초등학교","02","공립","N","","1","1","1","1","1","1","0","0","6(0)","14(0)","2.3"
"충청남도교육청","충청남도예산교육지원청","충청남도 예산군","S120000697","금오초등학교","02","공립","N","","2","3","3","4","4","5","1","0","22(1)","470(3)","21.4"
"충청남도교육청","충청남도예산교육지원청","충청남도 예산군","S120000699","대술초등학교","02","공립","N","","1","1","1","1","1","1","1","0","7(1)","27(3)","3.9"
"충청남도교육청","충청남도예산교육지원청","충청남도 예산군","S120000700","대흥초등학교","02","공립","N","","1","1","1","1","0","1","0","0","5(0)","10(0)","2"
"충청남도교육청","충청남도예산교육지원청","충청남도 예산군","S120000702","덕산초등학교","02","공립","N","","1","1","1","1","1","1","1","0","7(1)","90(4)","12.9"
"충청남도교육청","충청남도예산교육지원청","충청남도 예산군","S120000706","보성초등학교","02","공립","N","","8","6","6","5","5","5","2","0","37(2)","781(9)","21.1"
"충청남도교육청","충청남도예산교육지원청","충청남도 예산군","S120000707","봉산초등학교","02","공립","N","","1","1","1","1","1","1","0","0","6(0)","31(0)","5.2"
"충청남도교육청","충청남도예산교육지원청","충청남도 예산군","S120000708","삽교초등학교","02","공립","N","","1","1","1","1","1","1","1","0","7(1)","62(4)","8.9"
"충청남도교육청","충청남도예산교육지원청","충청남도 예산군","S120000711","수덕초등학교","02","공립","N","","1","1","1","1","1","1","0","0","6(0)","37(0)","6.2"
"충청남도교육청","충청남도예산교육지원청","충청남도 예산군","S120000712","시량초등학교","02","공립","N","","1","1","1","1","1","1","1","0","7(1)","45(2)","6.4"
"충청남도교육청","충청남도예산교육지원청","충청남도 예산군","S120000713","신례원초등학교","02","공립","N","","1","1","1","1","1","1","1","0","7(1)","113(2)","16.1"
"충청남도교육청","충청남도예산교육지원청","충청남도 예산군","S120000714","신암초등학교","02","공립","N","","1","1","1","1","1","1","1","0","7(1)","35(3)","5"
"충청남도교육청","충청남도예산교육지원청","충청남도 예산군","S120000715","신양초등학교","02","공립","N","","1","1","1","1","1","1","1","0","7(1)","26(3)","3.7"
"충청남도교육청","충청남도예산교육지원청","충청남도 예산군","S120000720","양신초등학교","02","공립","N","","1","1","1","1","1","1","1","0","7(1)","30(5)","4.3"
"충청남도교육청","충청남도예산교육지원청","충청남도 예산군","S120000721","예덕초등학교","02","공립","N","","1","1","1","1","1","1","0","0","6(0)","21(0)","3.5"
"충청남도교육청","충청남도예산교육지원청","충청남도 예산군","S120000723","예산중앙초등학교","02","공립","N","","1","1","1","2","1","1","1","0","8(1)","120(3)","15"
"충청남도교육청","충청남도예산교육지원청","충청남도 예산군","S120000724","예산초등학교","02","공립","N","","3","3","2","2","3","3","2","0","18(2)","337(7)","18.7"
"충청남도교육청","충청남도예산교육지원청","충청남도 예산군","S120000725","오가초등학교","02","공립","N","","1","1","1","1","1","1","1","0","7(1)","28(2)","4"
"충청남도교육청","충청남도예산교육지원청","충청남도 예산군","S120000726","용동초등학교","02","공립","N","","1","1","1","1","1","1","0","0","6(0)","42(0)","7"
"충청남도교육청","충청남도예산교육지원청","충청남도 예산군","S120000727","웅산초등학교","02","공립","N","","1","1","1","1","1","1","1","0","7(1)","30(3)","4.3"
"충청남도교육청","충청남도예산교육지원청","충청남도 예산군","S120000728","응봉초등학교","02","공립","N","","1","1","1","1","1","1","1","0","7(1)","25(3)","3.6"
"충청남도교육청","충청남도예산교육지원청","충청남도 예산군","S120000731","조림초등학교","02","공립","N","","1","1","1","1","1","1","1","0","7(1)","38(3)","5.4"
"충청남도교육청","충청남도예산교육지원청","충청남도 예산군","S120000732","평촌초등학교","02","공립","N","","1","1","1","1","1","1","1","0","7(1)","32(3)","4.6"
"충청남도교육청","충청남도천안교육지원청","충청남도 천안시 동남구","S120000756","광덕초등학교","02","공립","N","","1","1","1","1","1","1","1","0","7(1)","53(2)","7.6"
"충청남도교육청","충청남도천안교육지원청","충청남도 천안시 서북구","S120000757","대홍초등학교","02","공립","N","","1","1","1","1","1","1","0","0","6(0)","29(0)","4.8"
"충청남도교육청","충청남도천안교육지원청","충청남도 천안시 동남구","S120000760","도장초등학교","02","공립","N","","1","1","1","1","1","1","0","0","6(0)","46(0)","7.7"
"충청남도교육청","충청남도천안교육지원청","충청남도 천안시 서북구","S120000761","도하초등학교","02","공립","N","","1","1","1","1","1","1","0","0","6(0)","44(0)","7.3"
"충청남도교육청","충청남도천안교육지원청","충청남도 천안시 동남구","S120000762","목천초등학교","02","공립","N","","1","1","1","1","1","1","2","0","8(2)","92(7)","11.5"
"충청남도교육청","충청남도천안교육지원청","충청남도 천안시 동남구","S120000764","미죽초등학교","02","공립","N","","1","1","1","1","1","1","0","0","6(0)","94(0)","15.7"
"충청남도교육청","충청남도천안교육지원청","충청남도 천안시 동남구","S120000765","병천초등학교","02","공립","N","","1","1","1","1","1","2","0","0","7(0)","112(0)","16"
"충청남도교육청","충청남도천안교육지원청","충청남도 천안시 동남구","S120000768","보산원초등학교","02","공립","N","","1","1","1","1","1","1","0","0","6(0)","34(0)","5.7"
"충청남도교육청","충청남도천안교육지원청","충청남도 천안시 서북구","S120000770","삼은초등학교","02","공립","N","","4","3","3","4","4","4","2","0","24(2)","450(11)","18.8"
"충청남도교육청","충청남도천안교육지원청","충청남도 천안시 서북구","S120000771","성거초등학교","02","공립","N","","4","3","4","4","4","4","3","0","26(3)","513(16)","19.7"
"충청남도교육청","충청남도천안교육지원청","충청남도 천안시 동남구","S120000772","성남초등학교","02","공립","N","","1","1","1","1","1","1","0","0","6(0)","42(0)","7"
"충청남도교육청","충청남도천안교육지원청","충청남도 천안시 서북구","S120000773","성신초등학교","02","공립","N","","1","1","1","1","1","2","1","0","8(1)","101(5)","12.6"
"충청남도교육청","충청남도천안교육지원청","충청남도 천안시 서북구","S120000774","성환초등학교","02","공립","N","","3","3","3","3","4","5","1","0","22(1)","451(6)","20.5"
"충청남도교육청","충청남도천안교육지원청","충청남도 천안시 동남구","S120000776","수신초등학교","02","공립","N","","1","1","1","1","1","1","0","0","6(0)","28(0)","4.7"
"충청남도교육청","충청남도천안교육지원청","충청남도 천안시 서북구","S120000777","신가초등학교","02","공립","N","","1","1","1","1","1","1","0","0","6(0)","39(0)","6.5"
"충청남도교육청","충청남도천안교육지원청","충청남도 천안시 동남구","S120000778","신계초등학교","02","공립","N","","1","1","2","2","2","2","2","0","12(2)","172(10)","14.3"
"충청남도교육청","충청남도천안교육지원청","충청남도 천안시 서북구","S120000779","신방초등학교","02","공립","N","","1","1","1","1","1","1","0","0","6(0)","51(0)","8.5"
"충청남도교육청","충청남도천안교육지원청","충청남도 천안시 동남구","S120000780","신사초등학교","02","공립","N","","1","1","1","1","1","1","0","0","6(0)","29(0)","4.8"
"충청남도교육청","충청남도천안교육지원청","충청남도 천안시 동남구","S120000781","안서초등학교","02","공립","N","","1","1","2","2","2","2","1","0","11(1)","202(3)","18.4"
"충청남도교육청","충청남도천안교육지원청","충청남도 천안시 서북구","S120000782","양당초등학교","02","공립","N","","1","1","1","1","1","1","2","0","8(2)","113(8)","14.1"
"충청남도교육청","충청남도천안교육지원청","충청남도 천안시 서북구","S120000783","양대초등학교","02","공립","N","","1","1","1","1","1","1","0","0","6(0)","41(0)","6.8"
"충청남도교육청","충청남도천안교육지원청","충청남도 천안시 동남구","S120000784","용정초등학교","02","공립","N","","1","1","1","1","1","1","0","0","6(0)","89(0)","14.8"
"충청남도교육청","충청남도천안교육지원청","충청남도 천안시 동남구","S120000785","위례초등학교","02","공립","N","","0","1","1","1","1","1","0","0","5(0)","35(0)","7"
"충청남도교육청","충청남도천안교육지원청","충청남도 천안시 동남구","S120000786","은석초등학교","02","공립","N","","1","1","1","1","1","1","0","0","6(0)","36(0)","6"
"충청남도교육청","충청남도천안교육지원청","충청남도 천안시 서북구","S120000788","입장초등학교","02","공립","N","","1","2","2","1","2","3","1","0","12(1)","143(6)","11.9"
"충청남도교육청","충청남도천안교육지원청","충청남도 천안시 서북구","S120000790","직산초등학교","02","공립","N","","1","1","1","1","1","1","2","0","8(2)","103(7)","12.9"
"충청남도교육청","충청남도천안교육지원청","충청남도 천안시 동남구","S120000791","천동초등학교","02","공립","N","","1","1","1","1","1","1","1","0","7(1)","15(4)","2.1"
"충청남도교육청","충청남도천안교육지원청","충청남도 천안시 동남구","S120000796","천안구성초등학교","02","공립","N","","2","2","2","3","3","3","2","0","17(2)","336(12)","19.8"
"충청남도교육청","충청남도천안교육지원청","충청남도 천안시 동남구","S120000797","천안남산초등학교","02","공립","N","","2","3","2","3","3","3","2","0","18(2)","368(9)","20.4"
"충청남도교육청","충청남도천안교육지원청","충청남도 천안시 서북구","S120000798","천안미라초등학교","02","공립","N","","2","1","2","3","2","2","2","0","14(2)","250(11)","17.9"
"충청남도교육청","충청남도천안교육지원청","충청남도 천안시 동남구","S120000799","천안봉명초등학교","02","공립","N","","3","2","2","3","2","2","2","0","16(2)","277(10)","17.3"
"충청남도교육청","충청남도천안교육지원청","충청남도 천안시 동남구","S120000800","천안봉서초등학교","02","공립","N","","3","3","4","3","4","5","2","0","24(2)","474(11)","19.8"
"충청남도교육청","충청남도천안교육지원청","충청남도 천안시 서북구","S120000801","천안부대초등학교","02","공립","N","","4","2","2","2","2","2","1","0","15(1)","250(6)","16.7"
"충청남도교육청","충청남도천안교육지원청","충청남도 천안시 서북구","S120000802","천안부성초등학교","02","공립","N","","4","4","4","4","4","4","2","0","26(2)","581(9)","22.3"
"충청남도교육청","충청남도천안교육지원청","충청남도 천안시 동남구","S120000803","천안부영초등학교","02","공립","N","","2","1","2","2","2","2","1","0","12(1)","237(4)","19.8"
"충청남도교육청","충청남도천안교육지원청","충청남도 천안시 서북구","S120000804","천안서초등학교","02","공립","N","","4","3","3","4","3","4","4","0","25(4)","409(24)","16.4"
"충청남도교육청","충청남도천안교육지원청","충청남도 천안시 서북구","S120000805","천안성정초등학교","02","공립","N","","2","2","2","2","3","3","2","0","16(2)","242(8)","15.1"
"충청남도교육청","충청남도천안교육지원청","충청남도 천안시 동남구","S120000806","천안신부초등학교","02","공립","N","","4","4","4","4","4","5","2","0","27(2)","525(9)","19.4"
"충청남도교육청","충청남도천안교육지원청","충청남도 천안시 동남구","S120000807","천안신안초등학교","02","공립","N","","5","4","6","4","4","4","3","0","30(3)","589(15)","19.6"
"충청남도교육청","충청남도천안교육지원청","충청남도 천안시 동남구","S120000808","천안신용초등학교","02","공립","N","","4","3","4","4","4","5","2","0","26(2)","562(9)","21.6"
"충청남도교육청","충청남도천안교육지원청","충청남도 천안시 동남구","S120000809","천안신촌초등학교","02","공립","N","","1","1","1","1","2","3","2","0","11(2)","152(8)","13.8"
"충청남도교육청","충청남도천안교육지원청","충청남도 천안시 서북구","S120000810","천안쌍용초등학교","02","공립","N","","3","2","3","4","3","4","3","0","22(3)","457(19)","20.8"
"충청남도교육청","충청남도천안교육지원청","충청남도 천안시 서북구","S120000811","천안업성초등학교","02","공립","N","","1","1","1","1","1","1","0","0","6(0)","43(0)","7.2"
"충청남도교육청","충청남도천안교육지원청","충청남도 천안시 서북구","S120000812","천안용암초등학교","02","공립","N","","3","2","4","3","4","5","1","0","22(1)","480(4)","21.8"
"충청남도교육청","충청남도천안교육지원청","충청남도 천안시 서북구","S120000813","천안월봉초등학교","02","공립","N","","4","4","4","5","5","5","3","0","30(3)","584(16)","19.5"
"충청남도교육청","충청남도천안교육지원청","충청남도 천안시 동남구","S120000814","천안일봉초등학교","02","공립","N","","3","2","3","3","3","3","2","0","19(2)","349(7)","18.4"
"충청남도교육청","충청남도천안교육지원청","충청남도 천안시 동남구","S120000816","천안청수초등학교","02","공립","N","","2","2","2","3","2","3","2","0","16(2)","285(8)","17.8"
"충청남도교육청","충청남도천안교육지원청","충청남도 천안시 동남구","S120000817","천안초등학교","02","공립","N","","4","3","3","3","3","3","1","0","20(1)","376(5)","18.8"
"충청남도교육청","충청남도천안교육지원청","충청남도 천안시 동남구","S120000818","풍세초등학교","02","공립","N","","3","2","3","2","2","2","2","0","16(2)","297(4)","18.6"
"충청남도교육청","충청남도천안교육지원청","충청남도 천안시 동남구","S120000819","행정초등학교","02","공립","N","","1","1","1","1","1","1","0","0","6(0)","15(0)","2.5"
"충청남도교육청","충청남도천안교육지원청","충청남도 천안시 서북구","S120000821","환서초등학교","02","공립","N","","13","11","12","14","12","13","2","0","77(2)","1945(14)","25.3"
"충청남도교육청","충청남도청양교육지원청","충청남도 청양군","S120000829","가남초등학교","02","공립","N","","1","1","1","1","1","1","1","0","7(1)","51(3)","7.3"
"충청남도교육청","충청남도청양교육지원청","충청남도 청양군","S120000831","남양초등학교","02","공립","N","","1","1","1","1","1","1","1","0","7(1)","42(4)","6"
"충청남도교육청","충청남도청양교육지원청","충청남도 청양군","S120000835","목면초등학교","02","공립","N","","1","1","1","1","1","1","0","0","6(0)","30(0)","5"
"충청남도교육청","충청남도청양교육지원청","충청남도 청양군","S120000842","수정초등학교","02","공립","N","","1","1","1","1","1","1","0","0","6(0)","52(0)","8.7"
"충청남도교육청","충청남도청양교육지원청","충청남도 청양군","S120000848","운곡초등학교","02","공립","N","","1","1","1","1","1","1","0","0","6(0)","26(0)","4.3"
"충청남도교육청","충청남도청양교육지원청","충청남도 청양군","S120000850","장평초등학교","02","공립","N","","1","1","1","1","1","1","0","0","6(0)","23(0)","3.8"
"충청남도교육청","충청남도청양교육지원청","충청남도 청양군","S120000853","정산초등학교","02","공립","N","","1","1","1","1","1","1","1","0","7(1)","73(3)","10.4"
"충청남도교육청","충청남도청양교육지원청","충청남도 청양군","S120000857","청남초등학교","02","공립","N","","1","1","1","1","1","1","0","0","6(0)","23(0)","3.8"
"충청남도교육청","충청남도청양교육지원청","충청남도 청양군","S120000858","청송초등학교","02","공립","N","","1","1","1","1","1","1","1","0","7(1)","40(6)","5.7"
"충청남도교육청","충청남도청양교육지원청","충청남도 청양군","S120000859","청양초등학교","02","공립","N","","2","2","2","2","2","3","2","0","15(2)","264(8)","17.6"
"충청남도교육청","충청남도청양교육지원청","충청남도 청양군","S120000861","합천초등학교","02","공립","N","","1","1","1","1","1","1","0","0","6(0)","35(0)","5.8"
"충청남도교육청","충청남도당진교육지원청","충청남도 당진시","S120000884","계성초등학교","02","공립","N","","4","4","4","5","5","5","2","0","29(2)","608(9)","21"
"충청남도교육청","충청남도당진교육지원청","충청남도 당진시","S120000885","고대초등학교","02","공립","N","","1","1","1","1","1","1","1","0","7(1)","78(3)","11.1"
"충청남도교육청","충청남도당진교육지원청","충청남도 당진시","S120000886","고산초등학교","02","공립","N","","1","1","1","1","1","1","1","0","7(1)","51(7)","7.3"
"충청남도교육청","충청남도당진교육지원청","충청남도 당진시","S120000887","기지초등학교","02","공립","N","","11","11","10","12","11","11","3","0","69(3)","1501(11)","21.8"
"충청남도교육청","충청남도당진교육지원청","충청남도 당진시","S120000890","당산초등학교","02","공립","N","","1","1","1","1","1","2","1","0","8(1)","122(5)","15.3"
"충청남도교육청","충청남도당진교육지원청","충청남도 당진시","S120000891","당진초등학교","02","공립","N","","3","3","3","3","3","4","3","0","22(3)","383(14)","17.4"
"충청남도교육청","충청남도당진교육지원청","충청남도 당진시","S120000893","면천초등학교","02","공립","N","","1","1","1","1","1","1","1","0","7(1)","38(3)","5.4"
"충청남도교육청","충청남도당진교육지원청","충청남도 당진시","S120000896","북창초등학교","02","공립","N","","1","1","1","1","1","1","1","0","7(1)","97(6)","13.9"
"충청남도교육청","충청남도당진교육지원청","충청남도 당진시","S120000897","삼봉초등학교","02","공립","N","","1","1","1","1","1","1","1","0","7(1)","57(6)","8.1"
"충청남도교육청","충청남도당진교육지원청","충청남도 당진시","S120000898","삼봉초등학교난지분교장","02","공립","N","","0","0","0","0","1","0","0","0","1(0)","1(0)","1"
"충청남도교육청","충청남도당진교육지원청","충청남도 당진시","S120000900","상록초등학교","02","공립","N","","2","2","2","3","2","2","2","0","15(2)","255(7)","17"
"충청남도교육청","충청남도당진교육지원청","충청남도 당진시","S120000902","서정초등학교","02","공립","N","","4","3","4","4","5","5","2","0","27(2)","562(8)","20.8"
"충청남도교육청","충청남도당진교육지원청","충청남도 당진시","S120000903","석문초등학교","02","공립","N","","1","1","1","1","1","1","2","0","8(2)","72(8)","9"
"충청남도교육청","충청남도당진교육지원청","충청남도 당진시","S120000904","성당초등학교","02","공립","N","","1","1","1","1","1","1","1","0","7(1)","98(7)","14"
"충청남도교육청","충청남도당진교육지원청","충청남도 당진시","S120000905","송산초등학교","02","공립","N","","1","1","1","1","1","1","2","0","8(2)","85(7)","10.6"
"충청남도교육청","충청남도당진교육지원청","충청남도 당진시","S120000906","송악초등학교","02","공립","N","","1","1","2","2","2","2","2","0","12(2)","168(7)","14"
"충청남도교육청","충청남도당진교육지원청","충청남도 당진시","S120000908","순성초등학교","02","공립","N","","1","1","1","1","1","1","1","0","7(1)","63(3)","9"
"충청남도교육청","충청남도당진교육지원청","충청남도 당진시","S120000909","신촌초등학교","02","공립","N","","1","1","1","1","1","1","0","0","6(0)","32(0)","5.3"
"충청남도교육청","충청남도당진교육지원청","충청남도 당진시","S120000910","신평초등학교","02","공립","N","","1","1","1","2","2","2","2","0","11(2)","151(9)","13.7"
"충청남도교육청","충청남도당진교육지원청","충청남도 당진시","S120000912","우강초등학교","02","공립","N","","1","1","1","1","1","1","1","0","7(1)","76(3)","10.9"
"충청남도교육청","충청남도당진교육지원청","충청남도 당진시","S120000914","유곡초등학교","02","공립","N","","3","2","2","2","3","2","1","0","15(1)","268(6)","17.9"
"충청남도교육청","충청남도당진교육지원청","충청남도 당진시","S120000916","전대초등학교","02","공립","N","","1","1","1","1","1","1","0","0","6(0)","63(0)","10.5"
"충청남도교육청","충청남도당진교육지원청","충청남도 당진시","S120000917","정미초등학교","02","공립","N","","1","1","1","1","1","1","0","0","6(0)","32(0)","5.3"
"충청남도교육청","충청남도당진교육지원청","충청남도 당진시","S120000918","조금초등학교","02","공립","N","","1","1","1","1","1","1","0","0","6(0)","42(0)","7"
"충청남도교육청","충청남도당진교육지원청","충청남도 당진시","S120000921","천의초등학교","02","공립","N","","1","1","1","1","1","1","1","0","7(1)","45(5)","6.4"
"충청남도교육청","충청남도당진교육지원청","충청남도 당진시","S120000922","초락초등학교","02","공립","N","","1","1","1","1","1","1","1","0","7(1)","33(6)","4.7"
"충청남도교육청","충청남도당진교육지원청","충청남도 당진시","S120000923","탑동초등학교","02","공립","N","","8","6","7","9","8","9","2","0","49(2)","1141(10)","23.3"
"충청남도교육청","충청남도당진교육지원청","충청남도 당진시","S120000924","한정초등학교","02","공립","N","","1","1","1","1","1","1","1","0","7(1)","54(5)","7.7"
"충청남도교육청","충청남도당진교육지원청","충청남도 당진시","S120000926","합덕초등학교","02","공립","N","","1","1","2","2","2","2","2","0","12(2)","178(9)","14.8"
"충청남도교육청","충청남도당진교육지원청","충청남도 당진시","S120000927","합도초등학교","02","공립","N","","1","1","1","1","1","2","1","0","8(1)","63(3)","7.9"
"충청남도교육청","충청남도서산교육지원청","충청남도 서산시","S120000945","가사초등학교","02","공립","N","","1","1","1","1","1","1","0","0","6(0)","67(0)","11.2"
"충청남도교육청","충청남도서산교육지원청","충청남도 서산시","S120000946","강당초등학교","02","공립","N","","1","1","1","1","1","1","0","0","6(0)","36(0)","6"
"충청남도교육청","충청남도서산교육지원청","충청남도 서산시","S120000948","고북초등학교","02","공립","N","","1","1","1","1","1","1","1","0","7(1)","42(4)","6"
"충청남도교육청","충청남도서산교육지원청","충청남도 서산시","S120000951","대산초등학교","02","공립","N","","2","2","2","2","3","2","1","0","14(1)","249(6)","17.8"
"충청남도교육청","충청남도서산교육지원청","충청남도 서산시","S120000956","동암초등학교","02","공립","N","","1","1","1","1","1","1","0","0","6(0)","73(0)","12.2"
"충청남도교육청","충청남도서산교육지원청","충청남도 서산시","S120000958","명지초등학교","02","공립","N","","1","1","1","1","1","1","0","0","6(0)","49(0)","8.2"
"충청남도교육청","충청남도서산교육지원청","충청남도 서산시","S120000961","부석초등학교","02","공립","N","","1","1","1","1","1","1","1","0","7(1)","38(3)","5.4"
"충청남도교육청","충청남도서산교육지원청","충청남도 서산시","S120000962","부석초등학교간월도분교장","02","공립","N","","0","0","1","0","0","1","0","0","2(0)","4(0)","2"
"충청남도교육청","충청남도서산교육지원청","충청남도 서산시","S120000963","부성초등학교","02","공립","N","","2","2","3","3","3","3","2","0","18(2)","333(8)","18.5"
"충청남도교육청","충청남도서산교육지원청","충청남도 서산시","S120000964","부춘초등학교","02","공립","N","","4","3","4","4","4","4","2","0","25(2)","547(8)","21.9"
"충청남도교육청","충청남도서산교육지원청","충청남도 서산시","S120000970","서동초등학교","02","공립","N","","4","3","3","4","4","3","2","0","23(2)","478(7)","20.8"
"충청남도교육청","충청남도서산교육지원청","충청남도 서산시","S120000971","서령초등학교","02","공립","N","","1","1","1","2","2","2","2","0","11(2)","162(9)","14.7"
"충청남도교육청","충청남도서산교육지원청","충청남도 서산시","S120000972","서림초등학교","02","공립","N","","4","4","5","5","5","5","2","0","30(2)","619(11)","20.6"
"충청남도교육청","충청남도서산교육지원청","충청남도 서산시","S120000973","서산초등학교","02","공립","N","","2","2","2","2","2","3","3","0","16(3)","280(15)","17.5"
"충청남도교육청","충청남도서산교육지원청","충청남도 서산시","S120000974","성연초등학교","02","공립","N","","13","9","11","10","9","9","5","0","66(5)","1401(25)","21.2"
"충청남도교육청","충청남도서산교육지원청","충청남도 서산시","S120000976","언암초등학교","02","공립","N","","1","1","1","1","1","1","1","0","7(1)","99(2)","14.1"
"충청남도교육청","충청남도서산교육지원청","충청남도 서산시","S120000977","오산초등학교","02","공립","N","","1","1","1","1","1","1","0","0","6(0)","38(0)","6.3"
"충청남도교육청","충청남도서산교육지원청","충청남도 서산시","S120000979","운산초등학교","02","공립","N","","1","1","1","1","1","1","1","0","7(1)","43(4)","6.1"
"충청남도교육청","충청남도서산교육지원청","충청남도 서산시","S120000983","운신초등학교","02","공립","N","","1","1","1","1","1","1","1","0","7(1)","40(4)","5.7"
"충청남도교육청","충청남도서산교육지원청","충청남도 서산시","S120000986","음암초등학교","02","공립","N","","2","1","2","2","2","2","1","0","12(1)","175(6)","14.6"
"충청남도교육청","충청남도서산교육지원청","충청남도 서산시","S120000988","인지초등학교","02","공립","N","","2","2","2","3","2","3","2","0","16(2)","267(13)","16.7"
"충청남도교육청","충청남도서산교육지원청","충청남도 서산시","S120000991","차동초등학교","02","공립","N","","1","1","1","1","1","1","1","0","7(1)","76(5)","10.9"
"충청남도교육청","충청남도서산교육지원청","충청남도 서산시","S120000993","팔봉초등학교","02","공립","N","","1","1","1","1","1","1","0","0","6(0)","55(0)","9.2"
"충청남도교육청","충청남도서산교육지원청","충청남도 서산시","S120000996","학돌초등학교","02","공립","N","","4","3","3","4","4","3","3","0","24(3)","457(15)","19"
"충청남도교육청","충청남도서산교육지원청","충청남도 서산시","S120000997","해미초등학교","02","공립","N","","1","1","1","1","1","2","1","0","8(1)","138(5)","17.3"
"충청남도교육청","충청남도서천교육지원청","충청남도 서천군","S120001012","기산초등학교","02","공립","N","","0","1","1","1","1","1","1","0","6(1)","18(4)","3"
"충청남도교육청","충청남도서천교육지원청","충청남도 서천군","S120001016","마동초등학교","02","공립","N","","1","1","1","1","1","1","1","0","7(1)","52(2)","7.4"
"충청남도교육청","충청남도서천교육지원청","충청남도 서천군","S120001018","마산초등학교","02","공립","N","","1","1","1","1","1","1","0","0","6(0)","22(0)","3.7"
"충청남도교육청","충청남도서천교육지원청","충청남도 서천군","S120001021","부내초등학교","02","공립","N","","1","1","1","1","1","1","0","0","6(0)","35(0)","5.8"
"충청남도교육청","충청남도서천교육지원청","충청남도 서천군","S120001023","비인초등학교","02","공립","N","","1","1","1","1","1","1","1","0","7(1)","29(2)","4.1"
"충청남도교육청","충청남도서천교육지원청","충청남도 서천군","S120001027","서도초등학교","02","공립","N","","1","1","1","1","1","1","1","0","7(1)","64(4)","9.1"
"충청남도교육청","충청남도서천교육지원청","충청남도 서천군","S120001029","서면초등학교","02","공립","N","","1","1","1","1","1","1","1","0","7(1)","28(1)","4"
"충청남도교육청","충청남도서천교육지원청","충청남도 서천군","S120001030","서천초등학교","02","공립","N","","4","3","4","4","4","5","2","0","26(2)","522(9)","20.1"
"충청남도교육청","충청남도서천교육지원청","충청남도 서천군","S120001033","송림초등학교","02","공립","N","","1","1","1","1","1","1","0","0","6(0)","34(0)","5.7"
"충청남도교육청","충청남도서천교육지원청","충청남도 서천군","S120001035","송석초등학교","02","공립","N","","1","1","1","1","1","1","0","0","6(0)","34(0)","5.7"
"충청남도교육청","충청남도서천교육지원청","충청남도 서천군","S120001036","시초초등학교","02","공립","N","","1","1","1","1","1","1","1","0","7(1)","49(4)","7"
"충청남도교육청","충청남도서천교육지원청","충청남도 서천군","S120001039","오성초등학교","02","공립","N","","1","1","1","1","1","1","1","0","7(1)","31(1)","4.4"
"충청남도교육청","충청남도서천교육지원청","충청남도 서천군","S120001043","장항중앙초등학교","02","공립","N","","1","1","2","1","2","2","1","0","10(1)","146(6)","14.6"
"충청남도교육청","충청남도서천교육지원청","충청남도 서천군","S120001044","장항초등학교","02","공립","N","","1","1","1","2","1","1","2","0","9(2)","123(8)","13.7"
"충청남도교육청","충청남도서천교육지원청","충청남도 서천군","S120001050","한산초등학교","02","공립","N","","1","1","1","1","1","1","0","0","6(0)","33(0)","5.5"
"충청남도교육청","충청남도서천교육지원청","충청남도 서천군","S120001051","화양초등학교","02","공립","N","","1","1","1","1","1","1","0","0","6(0)","20(0)","3.3"
"충청남도교육청","충청남도보령교육지원청","충청남도 보령시","S120001067","개화초등학교","02","공립","N","","1","1","1","1","1","1","1","0","7(1)","35(3)","5"
"충청남도교육청","충청남도보령교육지원청","충청남도 보령시","S120001070","관당초등학교","02","공립","N","","0","1","1","1","1","1","0","0","5(0)","12(0)","2.4"
"충청남도교육청","충청남도보령교육지원청","충청남도 보령시","S120001071","관창초등학교","02","공립","N","","1","1","1","1","1","1","1","0","7(1)","80(3)","11.4"
"충청남도교육청","충청남도보령교육지원청","충청남도 보령시","S120001072","광명초등학교","02","공립","N","","1","1","0","1","1","1","0","0","5(0)","15(0)","3"
"충청남도교육청","충청남도보령교육지원청","충청남도 보령시","S120001078","남포초등학교","02","공립","N","","1","1","1","1","1","1","1","0","7(1)","24(6)","3.4"
"충청남도교육청","충청남도보령교육지원청","충청남도 보령시","S120001081","대관초등학교","02","공립","N","","2","1","2","1","2","2","1","0","11(1)","191(5)","17.4"
"충청남도교육청","충청남도보령교육지원청","충청남도 보령시","S120001082","대남초등학교","02","공립","N","","1","1","1","1","1","1","1","0","7(1)","69(5)","9.9"
"충청남도교육청","충청남도보령교육지원청","충청남도 보령시","S120001084","대창초등학교","02","공립","N","","0","1","1","1","1","1","1","0","6(1)","23(3)","3.8"
"충청남도교육청","충청남도보령교육지원청","충청남도 보령시","S120001085","대천초등학교","02","공립","N","","2","3","3","4","4","4","2","0","22(2)","471(10)","21.4"
"충청남도교육청","충청남도보령교육지원청","충청남도 보령시","S120001089","오천초등학교삽시분교장","02","공립","N","","0","1","1","1","0","0","0","0","3(0)","7(0)","2.3"
"충청남도교육청","충청남도보령교육지원청","충청남도 보령시","S120001090","성주초등학교","02","공립","N","","1","1","1","1","1","1","2","0","8(2)","31(7)","3.9"
"충청남도교육청","충청남도보령교육지원청","충청남도 보령시","S120001091","송학초등학교","02","공립","N","","1","0","1","1","1","1","1","0","6(1)","32(2)","5.3"
"충청남도교육청","충청남도보령교육지원청","충청남도 보령시","S120001096","오천초등학교","02","공립","N","","1","0","1","1","1","1","1","0","6(1)","13(2)","2.2"
"충청남도교육청","충청남도보령교육지원청","충청남도 보령시","S120001098","옥계초등학교","02","공립","N","","1","1","1","1","1","1","1","0","7(1)","41(6)","5.9"
"충청남도교육청","충청남도보령교육지원청","충청남도 보령시","S120001099","청파초등학교외연도분교장","02","공립","N","","0","1","0","0","1","2","0","0","4(0)","8(0)","2"
"충청남도교육청","충청남도보령교육지원청","충청남도 보령시","S120001100","웅천초등학교","02","공립","N","","1","1","1","1","1","0","1","0","6(1)","30(2)","5"
"충청남도교육청","충청남도보령교육지원청","충청남도 보령시","S120001102","월전초등학교","02","공립","N","","1","1","1","1","1","1","0","0","6(0)","22(0)","3.7"
"충청남도교육청","충청남도보령교육지원청","충청남도 보령시","S120001106","주산초등학교","02","공립","N","","1","1","1","1","1","1","0","0","6(0)","22(0)","3.7"
"충청남도교육청","충청남도보령교육지원청","충청남도 보령시","S120001107","주포초등학교","02","공립","N","","1","0","1","1","1","1","0","0","5(0)","21(0)","4.2"
"충청남도교육청","충청남도보령교육지원청","충청남도 보령시","S120001110","천북초등학교","02","공립","N","","1","1","1","1","1","1","1","0","7(1)","39(3)","5.6"
"충청남도교육청","충청남도보령교육지원청","충청남도 보령시","S120001112","청라초등학교","02","공립","N","","1","1","1","1","1","1","1","0","7(1)","55(2)","7.9"
"충청남도교육청","충청남도보령교육지원청","충청남도 보령시","S120001113","청룡초등학교","02","공립","N","","1","1","1","1","1","1","1","0","7(1)","35(1)","5"
"충청남도교육청","충청남도보령교육지원청","충청남도 보령시","S120001115","청룡초등학교장고분교장","02","공립","N","","0","1","0","0","2","0","0","0","3(0)","5(0)","1.7"
"충청남도교육청","충청남도보령교육지원청","충청남도 보령시","S120001116","청보초등학교","02","공립","N","","1","1","1","1","1","1","1","0","7(1)","50(5)","7.1"
"충청남도교육청","충청남도보령교육지원청","충청남도 보령시","S120001117","청소초등학교","02","공립","N","","1","1","1","1","1","1","1","0","7(1)","26(6)","3.7"
"충청남도교육청","충청남도보령교육지원청","충청남도 보령시","S120001118","청파초등학교","02","공립","N","","1","1","1","1","1","1","1","0","7(1)","53(1)","7.6"
"충청남도교육청","충청남도보령교육지원청","충청남도 보령시","S120001122","한내초등학교","02","공립","N","","2","2","3","2","2","2","3","0","16(3)","230(16)","14.4"
"충청남도교육청","충청남도태안교육지원청","충청남도 태안군","S120001134","고남초등학교","02","공립","N","","1","1","1","1","1","1","0","0","6(0)","26(0)","4.3"
"충청남도교육청","충청남도태안교육지원청","충청남도 태안군","S120001140","근흥초등학교","02","공립","N","","0","1","0","0","1","1","0","0","3(0)","11(0)","3.7"
"충청남도교육청","충청남도태안교육지원청","충청남도 태안군","S120001141","남면초등학교","02","공립","N","","1","1","1","1","1","1","1","0","7(1)","27(3)","3.9"
"충청남도교육청","충청남도태안교육지원청","충청남도 태안군","S120001145","대기초등학교","02","공립","N","","1","1","1","1","1","1","1","0","7(1)","42(4)","6"
"충청남도교육청","충청남도태안교육지원청","충청남도 태안군","S120001146","모항초등학교","02","공립","N","","0","1","1","1","1","1","0","0","5(0)","20(0)","4"
"충청남도교육청","충청남도태안교육지원청","충청남도 태안군","S120001149","방포초등학교","02","공립","N","","1","0","1","1","1","1","0","0","5(0)","30(0)","6"
"충청남도교육청","충청남도태안교육지원청","충청남도 태안군","S120001150","삼성초등학교","02","공립","N","","1","0","1","1","1","1","0","0","5(0)","27(0)","5.4"
"충청남도교육청","충청남도태안교육지원청","충청남도 태안군","S120001152","소원초등학교","02","공립","N","","1","1","1","1","1","1","0","0","6(0)","39(0)","6.5"
"충청남도교육청","충청남도태안교육지원청","충청남도 태안군","S120001155","송암초등학교","02","공립","N","","1","1","1","1","1","1","0","0","6(0)","49(0)","8.2"
"충청남도교육청","충청남도태안교육지원청","충청남도 태안군","S120001156","시목초등학교","02","공립","N","","1","1","1","1","1","1","0","0","6(0)","40(0)","6.7"
"충청남도교육청","충청남도태안교육지원청","충청남도 태안군","S120001161","안면초등학교","02","공립","N","","1","1","1","1","1","1","1","0","7(1)","100(3)","14.3"
"충청남도교육청","충청남도태안교육지원청","충청남도 태안군","S120001164","안중초등학교","02","공립","N","","1","1","1","1","1","1","1","0","7(1)","25(3)","3.6"
"충청남도교육청","충청남도태안교육지원청","충청남도 태안군","S120001169","안흥초등학교","02","공립","N","","1","1","0","1","1","1","0","0","5(0)","15(0)","3"
"충청남도교육청","충청남도태안교육지원청","충청남도 태안군","S120001172","안흥초등학교신진도분교장","02","공립","N","","0","1","0","0","0","1","0","0","2(0)","3(0)","1.5"
"충청남도교육청","충청남도태안교육지원청","충청남도 태안군","S120001175","원북초등학교","02","공립","N","","1","1","1","1","1","1","1","0","7(1)","57(5)","8.1"
"충청남도교육청","충청남도태안교육지원청","충청남도 태안군","S120001179","이원초등학교","02","공립","N","","1","1","1","1","1","1","0","0","6(0)","25(0)","4.2"
"충청남도교육청","충청남도태안교육지원청","충청남도 태안군","S120001180","이원초등학교관동분교장","02","공립","N","","0","0","1","1","1","0","0","0","3(0)","12(0)","4"
"충청남도교육청","충청남도태안교육지원청","충청남도 태안군","S120001185","창기초등학교","02","공립","N","","1","1","1","1","1","1","0","0","6(0)","31(0)","5.2"
"충청남도교육청","충청남도태안교육지원청","충청남도 태안군","S120001189","태안초등학교","02","공립","N","","2","1","2","2","3","3","2","0","15(2)","282(10)","18.8"
"충청남도교육청","충청남도태안교육지원청","충청남도 태안군","S120001191","화동초등학교","02","공립","N","","2","1","2","2","2","2","2","0","13(2)","198(10)","15.2"
"충청남도교육청","충청남도홍성교육지원청","충청남도 홍성군","S120001210","갈산초등학교","02","공립","N","","1","1","1","1","1","1","0","0","6(0)","47(0)","7.8"
"충청남도교육청","충청남도홍성교육지원청","충청남도 홍성군","S120001212","결성초등학교","02","공립","N","","0","1","1","1","1","1","1","0","6(1)","13(3)","2.2"
"충청남도교육청","충청남도홍성교육지원청","충청남도 홍성군","S120001214","광천초등학교","02","공립","N","","1","1","2","1","1","1","2","0","9(2)","143(7)","15.9"
"충청남도교육청","충청남도홍성교육지원청","충청남도 홍성군","S120001218","구항초등학교","02","공립","N","","1","1","1","1","1","1","1","0","7(1)","35(5)","5"
"충청남도교육청","충청남도홍성교육지원청","충청남도 홍성군","S120001219","금당초등학교","02","공립","N","","1","1","1","1","1","1","1","0","7(1)","27(3)","3.9"
"충청남도교육청","충청남도홍성교육지원청","충청남도 홍성군","S120001220","금마초등학교","02","공립","N","","1","1","1","1","1","1","1","0","7(1)","42(3)","6"
"충청남도교육청","충청남도홍성교육지원청","충청남도 홍성군","S120001221","대정초등학교","02","공립","N","","1","1","1","1","1","1","1","0","7(1)","26(1)","3.7"
"충청남도교육청","충청남도홍성교육지원청","충청남도 홍성군","S120001226","배양초등학교","02","공립","N","","1","1","1","1","1","1","1","0","7(1)","41(4)","5.9"
"충청남도교육청","충청남도홍성교육지원청","충청남도 홍성군","S120001229","서부초등학교","02","공립","N","","1","1","1","1","1","1","1","0","7(1)","31(3)","4.4"
"충청남도교육청","충청남도홍성교육지원청","충청남도 홍성군","S120001231","서해삼육초등학교","02","사립","N","","1","1","1","1","1","1","0","0","6(0)","181(0)","30.2"
"충청남도교육청","충청남도홍성교육지원청","충청남도 홍성군","S120001232","신당초등학교","02","공립","N","","1","1","1","1","1","0","0","0","5(0)","16(0)","3.2"
"충청남도교육청","충청남도홍성교육지원청","충청남도 홍성군","S120001235","용봉초등학교","02","공립","N","","1","1","1","1","1","1","1","0","7(1)","76(5)","10.9"
"충청남도교육청","충청남도홍성교육지원청","충청남도 홍성군","S120001237","은하초등학교","02","공립","N","","1","0","1","1","1","1","0","0","5(0)","16(0)","3.2"
"충청남도교육청","충청남도홍성교육지원청","충청남도 홍성군","S120001238","장곡초등학교","02","공립","N","","1","1","1","1","1","1","1","0","7(1)","30(5)","4.3"
"충청남도교육청","충청남도홍성교육지원청","충청남도 홍성군","S120001243","홍남초등학교","02","공립","N","","5","4","5","5","4","5","3","0","31(3)","623(14)","20.1"
"충청남도교육청","충청남도홍성교육지원청","충청남도 홍성군","S120001244","홍동초등학교","02","공립","N","","1","1","1","1","1","2","1","0","8(1)","104(4)","13"
"충청남도교육청","충청남도홍성교육지원청","충청남도 홍성군","S120001245","홍북초등학교","02","공립","N","","7","6","4","5","4","3","2","0","31(2)","660(12)","21.3"
"충청남도교육청","충청남도홍성교육지원청","충청남도 홍성군","S120001246","홍성초등학교","02","공립","N","","4","3","5","4","5","5","3","0","29(3)","557(16)","19.2"
"충청남도교육청","충청남도홍성교육지원청","충청남도 홍성군","S120001247","홍주초등학교","02","공립","N","","1","1","1","1","1","1","2","0","8(2)","68(7)","8.5"
"충청남도교육청","충청남도천안교육지원청","충청남도 천안시 동남구","S120002455","천안용곡초등학교","02","공립","N","","4","3","5","5","5","5","2","0","29(2)","644(14)","22.2"
"충청남도교육청","충청남도천안교육지원청","충청남도 천안시 서북구","S120002456","천안백석초등학교","02","공립","N","","4","4","4","5","5","5","3","0","30(3)","668(15)","22.3"
"충청남도교육청","충청남도천안교육지원청","충청남도 천안시 서북구","S120002457","천안오성초등학교","02","공립","N","","7","6","7","8","7","8","2","0","45(2)","941(13)","20.9"
"충청남도교육청","충청남도보령교육지원청","충청남도 보령시","S120002458","대천동대초등학교","02","공립","N","","6","5","6","5","6","6","2","0","36(2)","802(9)","22.3"
"충청남도교육청","충청남도아산교육지원청","충청남도 아산시","S120002467","온양권곡초등학교","02","공립","N","","2","2","3","3","3","4","3","0","20(3)","356(16)","17.8"
"충청남도교육청","충청남도천안교육지원청","충청남도 천안시 서북구","S120002502","천안불당초등학교","02","공립","N","","8","6","7","7","8","8","2","0","46(2)","1109(9)","24.1"
"충청남도교육청","충청남도천안교육지원청","충청남도 천안시 서북구","S120002503","천안서당초등학교","02","공립","N","","5","5","6","5","5","6","2","0","34(2)","764(13)","22.5"
"충청남도교육청","충청남도천안교육지원청","충청남도 천안시 서북구","S120002504","천안두정초등학교","02","공립","N","","7","6","7","6","5","6","2","0","39(2)","803(8)","20.6"
"충청남도교육청","충청남도천안교육지원청","충청남도 천안시 서북구","S120002505","천안신대초등학교","02","공립","N","","4","3","4","4","3","4","2","0","24(2)","496(13)","20.7"
"충청남도교육청","충청남도천안교육지원청","충청남도 천안시 서북구","S120002506","천안수곡초등학교","02","공립","N","","4","4","4","4","4","4","1","0","25(1)","572(6)","22.9"
"충청남도교육청","충청남도천안교육지원청","충청남도 천안시 서북구","S120002507","소망초등학교","02","공립","N","","4","3","3","4","4","3","2","0","23(2)","445(12)","19.3"
"충청남도교육청","충청남도서산교육지원청","충청남도 서산시","S120002518","서산석림초등학교","02","공립","N","","3","3","4","4","4","5","3","0","26(3)","526(18)","20.2"
"충청남도교육청","충청남도서산교육지원청","충청남도 서산시","S120002519","서산대진초등학교","02","공립","N","","1","1","1","1","1","1","1","0","7(1)","25(2)","3.6"
"충청남도교육청","충청남도논산계룡교육지원청","충청남도 논산시","S120002520","논산내동초등학교","02","공립","N","","8","6","6","7","7","7","2","0","43(2)","989(9)","23"
"충청남도교육청","충청남도보령교육지원청","충청남도 보령시","S120002522","명천초등학교","02","공립","N","","6","5","5","6","5","6","2","0","35(2)","785(7)","22.4"
"충청남도교육청","충청남도논산계룡교육지원청","충청남도 계룡시","S120002529","신도초등학교","02","공립","N","","2","2","2","3","3","3","3","0","18(3)","320(13)","17.8"
"충청남도교육청","충청남도아산교육지원청","충청남도 아산시","S120002535","온양신정초등학교","02","공립","N","","2","1","2","2","1","2","2","0","12(2)","221(8)","18.4"
"충청남도교육청","충청남도당진교육지원청","충청남도 당진시","S120002536","원당초등학교","02","공립","N","","4","4","5","7","6","8","1","0","35(1)","780(4)","22.3"
"충청남도교육청","충청남도태안교육지원청","충청남도 태안군","S120002537","백화초등학교","02","공립","N","","6","4","5","4","4","5","2","0","30(2)","628(12)","20.9"
"충청남도교육청","충청남도천안교육지원청","충청남도 천안시 동남구","S120002542","천안삼거리초등학교","02","공립","N","","3","3","3","3","4","4","2","0","22(2)","446(10)","20.3"
"충청남도교육청","충청남도논산계룡교육지원청","충청남도 계룡시","S120002544","금암초등학교","02","공립","N","","3","3","3","3","3","3","1","0","19(1)","381(6)","20.1"
"충청남도교육청","충청남도천안교육지원청","충청남도 천안시 동남구","S120002549","천안용소초등학교","02","공립","N","","3","3","4","5","4","5","1","0","25(1)","588(2)","23.5"
"충청남도교육청","충청남도천안교육지원청","충청남도 천안시 동남구","S120002550","천안청룡초등학교","02","공립","N","","4","4","3","5","4","4","1","0","25(1)","587(6)","23.5"
"충청남도교육청","충청남도아산교육지원청","충청남도 아산시","S120002551","아산북수초등학교","02","공립","N","","4","4","4","4","4","6","2","0","28(2)","617(9)","22"
"충청남도교육청","충청남도아산교육지원청","충청남도 아산시","S120002557","모산초등학교","02","공립","N","","5","5","6","7","7","7","2","0","39(2)","851(12)","21.8"
"충청남도교육청","충청남도아산교육지원청","충청남도 아산시","S120002558","아산남성초등학교","02","공립","N","","6","6","6","7","8","9","3","0","45(3)","898(20)","20"
"충청남도교육청","충청남도천안교육지원청","충청남도 천안시 서북구","S120002562","천안와촌초등학교","02","공립","N","","2","1","2","2","2","2","1","0","12(1)","199(4)","16.6"
"충청남도교육청","충청남도보령교육지원청","충청남도 보령시","S120002594","미산초등학교","02","공립","N","","1","1","1","1","1","1","1","0","7(1)","25(3)","3.6"
"충청남도교육청","충청남도천안교육지원청","충청남도 천안시 서북구","S120002599","천안쌍정초등학교","02","공립","N","","3","2","3","3","4","4","2","0","21(2)","445(8)","21.2"
"충청남도교육청","충청남도천안교육지원청","충청남도 천안시 동남구","S120002618","신흥초등학교","02","공립","N","","3","2","2","2","3","3","0","0","15(0)","325(0)","21.7"
"충청남도교육청","충청남도천안교육지원청","충청남도 천안시 동남구","S120002621","천안청당초등학교","02","공립","N","","9","7","7","8","8","8","2","0","49(2)","1250(12)","25.5"
"충청남도교육청","충청남도아산교육지원청","충청남도 아산시","S120002625","온양풍기초등학교","02","공립","N","","7","7","8","7","7","7","2","0","45(2)","1046(12)","23.2"
"충청남도교육청","충청남도서산교육지원청","충청남도 서산시","S120002661","서산예천초등학교","02","공립","N","","6","5","5","6","5","5","2","0","34(2)","755(11)","22.2"
"충청남도교육청","충청남도아산교육지원청","충청남도 아산시","S120002663","연화초등학교","02","공립","N","","5","4","5","6","6","7","2","0","35(2)","626(12)","17.9"
"충청남도교육청","충청남도서산교육지원청","충청남도 서산시","S120002666","서산동문초등학교","02","공립","N","","4","4","4","4","6","5","2","0","29(2)","623(8)","21.5"
"충청남도교육청","충청남도아산교육지원청","충청남도 아산시","S120002669","충무초등학교","02","공립","N","","3","2","3","3","3","3","2","0","19(2)","378(8)","19.9"
"충청남도교육청","충청남도천안교육지원청","충청남도 천안시 동남구","S120002672","천안새샘초등학교","02","공립","N","","7","5","8","7","7","8","1","0","43(1)","1045(7)","24.3"
"충청남도교육청","충청남도천안교육지원청","충청남도 천안시 동남구","S120002675","천안가온초등학교","02","공립","N","","6","4","6","6","7","6","2","0","37(2)","851(8)","23"
"충청남도교육청","충청남도천안교육지원청","충청남도 천안시 서북구","S120002713","천안차암초등학교","02","공립","N","","8","7","11","11","10","8","4","0","59(4)","1309(19)","22.2"
"충청남도교육청","충청남도홍성교육지원청","충청남도 홍성군","S120002734","내포초등학교","02","공립","N","","8","8","7","8","9","8","3","0","51(3)","1223(16)","24"
"충청남도교육청","충청남도아산교육지원청","충청남도 아산시","S120002829","아산용연초등학교","02","공립","N","","4","3","5","4","5","4","1","0","26(1)","547(8)","21"
"충청남도교육청","충청남도아산교육지원청","충청남도 아산시","S120002863","탕정미래초등학교","02","공립","N","","5","4","6","5","7","5","2","0","34(2)","758(6)","22.3"
"충청남도교육청","충청남도천안교육지원청","충청남도 천안시 서북구","S120002867","천안불무초등학교","02","공립","N","","12","11","12","12","13","13","2","0","75(2)","1969(12)","26.3"
"충청남도교육청","충청남도천안교육지원청","충청남도 천안시 서북구","S120002873","천안한들초등학교","02","공립","N","","4","4","5","5","6","5","3","0","32(3)","612(16)","19.1"
"충청남도교육청","충청남도아산교육지원청","충청남도 아산시","S120002880","아산초등학교","02","공립","N","","5","4","6","6","6","5","2","0","34(2)","722(13)","21.2"
"충청남도교육청","충청남도천안교육지원청","충청남도 천안시 서북구","S120002890","천안아름초등학교","02","공립","N","","11","11","11","13","13","13","4","0","76(4)","2064(20)","27.2"
"충청남도교육청","충청남도홍성교육지원청","충청남도 홍성군","S120002897","한울초등학교","02","공립","N","","7","5","8","7","7","6","4","0","44(4)","959(17)","21.8"
"충청남도교육청","충청남도아산교육지원청","충청남도 아산시","S120002907","아산공수초등학교","02","공립","N","","9","7","7","8","6","5","2","0","44(2)","953(11)","21.7"
"충청남도교육청","충청남도천안교육지원청","충청남도 천안시 동남구","S120002912","천안희망초등학교","02","공립","N","","10","7","7","7","6","6","4","0","47(4)","959(23)","20.4"
"충청남도교육청","충청남도서산교육지원청","충청남도 서산시","S120002915","서산서남초등학교","02","공립","N","","9","7","7","8","8","7","3","0","49(3)","1129(18)","23"
"충청남도교육청","충청남도천안교육지원청","충청남도 천안시 서북구","S120002916","천안성성초등학교","02","공립","N","","12","9","9","10","9","7","3","0","59(3)","1485(18)","25.2"
"충청남도교육청","충청남도천안교육지원청","충청남도 천안시 서북구","S120002922","천안호수초등학교","02","공립","N","","5","4","4","4","4","3","3","0","27(3)","563(14)","20.9"
"충청남도교육청","충청남도당진교육지원청","충청남도 당진시","S120002924","대덕초등학교","02","공립","N","","6","5","6","6","5","4","1","0","33(1)","709(6)","21.5"
"충청남도교육청","충청남도아산교육지원청","충청남도 아산시","S120002938","한들물빛초등학교","02","공립","N","","17","14","13","13","10","10","3","0","80(3)","2058(15)","25.7"
"충청남도교육청","충청남도아산교육지원청","충청남도 아산시","S120002960","아산세교초등학교","02","공립","N","","9","4","5","5","4","4","2","0","33(2)","621(14)","18.8"
"충청남도교육청","충청남도천안교육지원청","충청남도 천안시 서북구","S120002964","천안가람초등학교","02","공립","N","","12","11","10","8","7","6","3","0","57(3)","1354(14)","23.8"
"충청남도교육청","충청남도천안교육지원청","충청남도 천안시 동남구","S120002966","천안능수초등학교","02","공립","N","","6","4","3","3","2","2","2","0","22(2)","468(8)","21.3"
"충청남도교육청","충청남도아산교육지원청","충청남도 아산시","S120002967","아산갈산초등학교","02","공립","N","","12","7","6","7","5","5","2","0","44(2)","907(9)","20.6"
"충청남도교육청","충청남도당진교육지원청","충청남도 당진시","S120002968","수청초등학교","02","공립","N","","11","8","6","7","5","5","1","0","43(1)","1061(5)","24.7"
"충청남도교육청","충청남도아산교육지원청","충청남도 아산시","S120002973","산동초등학교","02","공립","N","","6","5","3","2","2","1","2","0","21(2)","392(8)","18.7"
"충청남도교육청","충청남도논산계룡교육지원청","충청남도 계룡시","S120002976","계룡대실초등학교","02","공립","N","","5","3","4","3","4","2","1","0","22(1)","441(4)","20"
"충청남도교육청","충청남도당진교육지원청","충청남도 당진시","S120002977","혜성초등학교","02","공립","N","","8","5","4","4","4","3","2","0","30(2)","614(8)","20.5"
"충청남도교육청","충청남도아산교육지원청","충청남도 아산시","S120002991","아산월천초등학교","02","공립","N","","6","4","5","4","3","3","2","0","27(2)","582(12)","21.6"